INSERT INTO public.countries(id,name,ranking,group_name) VALUES 
    (1,'ブラジル',5,'A')
  , (2,'メキシコ',20,'A')
  , (3,'カメルーン',56,'A')
  , (4,'クロアチア',18,'A')
  , (5,'スペイン',1,'B')
  , (6,'オランダ',15,'B')
  , (7,'チリ',14,'B')
  , (8,'オーストラリア',62,'B')
  , (9,'コロンビア',8,'C')
  , (10,'ギリシャ',12,'C')
  , (11,'コートジボワール',23,'C')
  , (12,'日本',46,'C')
  , (13,'ウルグアイ',7,'D')
  , (14,'コスタリカ',28,'D')
  , (15,'イングランド',10,'D')
  , (16,'イタリア',9,'D')
  , (17,'スイス',6,'E')
  , (18,'エクアドル',26,'E')
  , (19,'フランス',17,'E')
  , (20,'ホンジュラス',33,'E')
  , (21,'アルゼンチン',5,'F')
  , (22,'ボスニア・ヘルツェゴビナ',21,'F')
  , (23,'イラン',43,'F')
  , (24,'ナイジェリア',44,'F')
  , (25,'ドイツ',2,'G')
  , (26,'ポルトガル',4,'G')
  , (27,'ガーナ',37,'G')
  , (28,'米国',13,'G')
  , (29,'ベルギー',11,'H')
  , (30,'アルジェリア',22,'H')
  , (31,'ロシア',19,'H')
  , (32,'韓国',57,'H');


INSERT INTO public.goals(id,pairing_id,player_id,goal_time) VALUES 
    (1,122,8,'前半7分')
  , (2,122,8,'前半7分')
  , (3,113,10,'前半18分')
  , (4,99,12,'後半39分')
  , (5,1,18,'後半46分')
  , (6,125,18,'後半45分')
  , (7,99,19,'後半4分')
  , (8,1,22,'前半29分')
  , (9,1,22,'後半26分')
  , (10,99,22,'前半17分')
  , (11,99,22,'前半35分')
  , (12,100,27,'後半27分')
  , (13,100,31,'後半30分')
  , (14,2,42,'後半16分')
  , (15,100,43,'後半37分')
  , (16,51,44,'後半3分')
  , (17,131,44,'後半3分')
  , (18,35,63,'前半26分')
  , (19,36,84,'後半42分')
  , (20,84,84,'後半3分')
  , (21,84,88,'前半11分')
  , (22,84,91,'後半16分')
  , (23,84,91,'後半28分')
  , (24,3,103,'前半27分')
  , (25,97,110,'前半36分')
  , (26,97,111,'後半24分')
  , (27,97,114,'後半37分')
  , (28,4,124,'前半14分')
  , (29,83,130,'前半43分')
  , (30,4,135,'後半47分')
  , (31,4,137,'前半12分')
  , (32,49,137,'前半32分')
  , (33,129,137,'前半32分')
  , (34,83,138,'前半20分')
  , (35,18,150,'後半9分')
  , (36,18,158,'前半21分')
  , (37,68,158,'前半35分')
  , (38,63,168,'前半17分')
  , (39,143,168,'前半17分')
  , (40,67,170,'後半20分')
  , (41,115,173,'後半43分')
  , (42,67,175,'後半8分')
  , (43,67,175,'後半35分')
  , (44,82,175,'前半20分')
  , (45,34,177,'後半32分')
  , (46,63,179,'後半46分')
  , (47,143,179,'後半46分')
  , (48,63,181,'前半3分')
  , (49,67,181,'前半44分')
  , (50,67,181,'後半27分')
  , (51,82,181,'後半13分')
  , (52,143,181,'前半3分')
  , (53,115,182,'後半49分')
  , (54,34,183,'後半47分')
  , (55,82,183,'後半23分')
  , (56,5,192,'前半5分')
  , (57,103,198,'前半17分')
  , (58,5,201,'後半48分')
  , (59,21,201,'後半19分')
  , (60,58,201,'後半35分')
  , (61,103,201,'後半45分')
  , (62,114,201,'前半28分')
  , (63,114,201,'後半5分')
  , (64,138,201,'後半35分')
  , (65,21,202,'後半25分')
  , (66,5,203,'後半13分')
  , (67,103,206,'後半10分')
  , (68,103,206,'後半37分')
  , (69,52,217,'後半46分')
  , (70,132,217,'後半46分')
  , (71,40,228,'前半42分')
  , (72,40,228,'後半48分')
  , (73,8,250,'後半21分')
  , (74,85,250,'後半28分')
  , (75,8,251,'後半19分')
  , (76,104,251,'後半29分')
  , (77,71,269,'前半35分')
  , (78,71,275,'後半5分')
  , (79,70,286,'後半12分')
  , (80,88,297,'前半44分')
  , (81,116,297,'後半7分')
  , (82,70,298,'後半39分')
  , (83,70,299,'後半9分')
  , (84,101,306,'後半36分')
  , (85,22,320,'前半39分')
  , (86,22,320,'後半40分')
  , (87,6,321,'前半24分')
  , (88,86,343,'後半30分')
  , (89,7,344,'前半37分')
  , (90,73,367,'前半22分')
  , (91,90,367,'前半34分')
  , (92,90,367,'後半20分')
  , (93,26,389,'前半31分')
  , (94,25,406,'後半36分')
  , (95,107,408,'前半6分')
  , (96,107,408,'前半31分')
  , (97,107,408,'後半26分')
  , (98,25,409,'後半42分')
  , (99,9,412,'後半3分')
  , (100,9,413,'後半48分')
  , (101,89,427,'前半40分')
  , (102,89,429,'前半18分')
  , (103,89,430,'後半28分')
  , (104,117,433,'後半34分')
  , (105,89,434,'前半17分')
  , (106,10,436,'前半45分')
  , (107,10,436,'後半27分')
  , (108,89,436,'後半22分')
  , (109,105,447,'後半5分')
  , (110,119,454,'延後13分')
  , (111,11,458,'後半20分')
  , (112,27,458,'後半46分')
  , (113,105,458,'前半3分')
  , (114,105,458,'前半46分')
  , (115,123,459,'前半8分')
  , (116,42,476,'後半38分')
  , (117,42,479,'後半14分')
  , (118,75,482,'後半40分')
  , (119,42,483,'前半23分')
  , (120,106,504,'後半37分')
  , (121,29,524,'前半29分')
  , (122,41,528,'前半4分')
  , (123,41,528,'後半2分')
  , (124,12,538,'前半32分')
  , (125,57,538,'前半13分')
  , (126,137,538,'前半13分')
  , (127,61,543,'前半29分')
  , (128,141,543,'前半29分')
  , (129,118,544,'延後15分')
  , (130,12,545,'前半12分')
  , (131,12,545,'前半46分')
  , (132,12,545,'後半33分')
  , (133,61,545,'前半11分')
  , (134,109,545,'後半10分')
  , (135,141,545,'前半11分')
  , (136,61,546,'前半24分')
  , (137,61,546,'前半26分')
  , (138,141,546,'前半24分')
  , (139,141,546,'前半26分')
  , (140,61,547,'後半24分')
  , (141,61,547,'後半34分')
  , (142,118,547,'延前2分')
  , (143,141,547,'後半24分')
  , (144,141,547,'後半34分')
  , (145,28,549,'後半6分')
  , (146,128,549,'延後8分')
  , (147,28,552,'後半26分')
  , (148,61,552,'前半23分')
  , (149,141,552,'前半23分')
  , (150,96,570,'後半50分')
  , (151,46,571,'後半35分')
  , (152,96,573,'前半5分')
  , (153,78,585,'後半41分')
  , (154,32,587,'後半19分')
  , (155,56,594,'延後2分')
  , (156,136,594,'延後2分')
  , (157,32,596,'後半36分')
  , (158,78,596,'前半1分')
  , (159,14,613,'後半37分')
  , (160,92,613,'後半9分')
  , (161,92,619,'後半18分')
  , (162,110,619,'後半12分')
  , (163,111,630,'後半33分')
  , (164,15,634,'後半25分')
  , (165,120,638,'延前3分')
  , (166,15,639,'後半35分')
  , (167,120,642,'延前15分')
  , (168,30,644,'後半43分')
  , (169,17,665,'後半29分')
  , (170,112,666,'前半6分')
  , (171,95,675,'前半28分')
  , (172,79,682,'前半25分')
  , (173,95,683,'後半17分')
  , (174,54,686,'延後16分')
  , (175,95,686,'前半38分')
  , (176,134,686,'延後16分')
  , (177,48,688,'後半15分')
  , (178,95,688,'前半26分')
  , (179,31,709,'後半5分')
  , (180,81,710,'後半23分')
  , (181,31,713,'後半27分')
  , (182,39,730,'前半46分')
  , (183,72,731,'前半16分')
  , (184,10,NULL,'後半3分')
  , (185,11,NULL,'前半3分')
  , (186,46,NULL,'前半31分')
  , (187,65,NULL,'前半11分')
  , (188,117,NULL,'後半47分');


INSERT INTO public.match_type(id,name) VALUES 
    (1,'グループリーグ')
  , (2,'ラウンド16')
  , (3,'準々決勝')
  , (4,'準決勝')
  , (5,'3位決定戦')
  , (6,'決勝');


INSERT INTO public.pairings(id,kickoff,my_country_id,enemy_country_id,match_type_id) VALUES 
    (1,TIMESTAMP '2014-06-13 05:00:00.000',1,4,1)
  , (2,TIMESTAMP '2014-06-14 01:00:00.000',2,3,1)
  , (3,TIMESTAMP '2014-06-14 04:00:00.000',5,6,1)
  , (4,TIMESTAMP '2014-06-14 07:00:00.000',7,8,1)
  , (5,TIMESTAMP '2014-06-15 01:00:00.000',9,10,1)
  , (6,TIMESTAMP '2014-06-15 04:00:00.000',13,14,1)
  , (7,TIMESTAMP '2014-06-15 07:00:00.000',15,16,1)
  , (8,TIMESTAMP '2014-06-15 10:00:00.000',11,12,1)
  , (9,TIMESTAMP '2014-06-16 01:00:00.000',17,18,1)
  , (10,TIMESTAMP '2014-06-16 04:00:00.000',19,20,1)
  , (11,TIMESTAMP '2014-06-16 07:00:00.000',21,22,1)
  , (12,TIMESTAMP '2014-06-17 01:00:00.000',25,26,1)
  , (13,TIMESTAMP '2014-06-17 04:00:00.000',23,24,1)
  , (14,TIMESTAMP '2014-06-17 07:00:00.000',27,28,1)
  , (15,TIMESTAMP '2014-06-18 01:00:00.000',29,30,1)
  , (16,TIMESTAMP '2014-06-18 04:00:00.000',1,2,1)
  , (17,TIMESTAMP '2014-06-18 07:00:00.000',31,32,1)
  , (18,TIMESTAMP '2014-06-19 01:00:00.000',8,6,1)
  , (19,TIMESTAMP '2014-06-19 04:00:00.000',5,7,1)
  , (20,TIMESTAMP '2014-06-19 07:00:00.000',3,4,1)
  , (21,TIMESTAMP '2014-06-20 01:00:00.000',9,11,1)
  , (22,TIMESTAMP '2014-06-20 04:00:00.000',13,15,1)
  , (23,TIMESTAMP '2014-06-20 07:00:00.000',12,10,1)
  , (24,TIMESTAMP '2014-06-21 01:00:00.000',16,14,1)
  , (25,TIMESTAMP '2014-06-21 04:00:00.000',17,19,1)
  , (26,TIMESTAMP '2014-06-21 07:00:00.000',20,18,1)
  , (27,TIMESTAMP '2014-06-22 01:00:00.000',21,23,1)
  , (28,TIMESTAMP '2014-06-22 04:00:00.000',25,27,1)
  , (29,TIMESTAMP '2014-06-22 07:00:00.000',24,22,1)
  , (30,TIMESTAMP '2014-06-23 01:00:00.000',29,31,1)
  , (31,TIMESTAMP '2014-06-23 04:00:00.000',32,30,1)
  , (32,TIMESTAMP '2014-06-23 07:00:00.000',28,26,1)
  , (33,TIMESTAMP '2014-06-24 01:00:00.000',8,5,1)
  , (34,TIMESTAMP '2014-06-24 01:00:00.000',6,7,1)
  , (35,TIMESTAMP '2014-06-24 05:00:00.000',3,1,1)
  , (36,TIMESTAMP '2014-06-24 05:00:00.000',4,2,1)
  , (37,TIMESTAMP '2014-06-25 01:00:00.000',16,13,1)
  , (38,TIMESTAMP '2014-06-25 01:00:00.000',14,15,1)
  , (39,TIMESTAMP '2014-06-25 05:00:00.000',12,9,1)
  , (40,TIMESTAMP '2014-06-25 05:00:00.000',10,11,1)
  , (41,TIMESTAMP '2014-06-26 01:00:00.000',24,21,1)
  , (42,TIMESTAMP '2014-06-26 01:00:00.000',22,23,1)
  , (43,TIMESTAMP '2014-06-26 05:00:00.000',20,17,1)
  , (44,TIMESTAMP '2014-06-26 05:00:00.000',18,19,1)
  , (45,TIMESTAMP '2014-06-27 01:00:00.000',28,25,1)
  , (46,TIMESTAMP '2014-06-27 01:00:00.000',26,27,1)
  , (47,TIMESTAMP '2014-06-27 05:00:00.000',32,29,1)
  , (48,TIMESTAMP '2014-06-27 05:00:00.000',30,31,1)
  , (49,TIMESTAMP '2014-06-29 01:00:00.000',7,1,2)
  , (50,TIMESTAMP '2014-06-29 05:00:00.000',13,9,2)
  , (51,TIMESTAMP '2014-06-30 01:00:00.000',2,6,2)
  , (52,TIMESTAMP '2014-06-30 05:00:00.000',10,14,2)
  , (53,TIMESTAMP '2014-07-01 01:00:00.000',24,19,2)
  , (54,TIMESTAMP '2014-07-01 05:00:00.000',30,25,2)
  , (55,TIMESTAMP '2014-07-02 01:00:00.000',17,21,2)
  , (56,TIMESTAMP '2014-07-02 05:00:00.000',28,29,2)
  , (57,TIMESTAMP '2014-07-05 01:00:00.000',25,19,3)
  , (58,TIMESTAMP '2014-07-05 05:00:00.000',9,1,3)
  , (59,TIMESTAMP '2014-07-06 01:00:00.000',29,21,3)
  , (60,TIMESTAMP '2014-07-06 05:00:00.000',14,6,3)
  , (61,TIMESTAMP '2014-07-09 05:00:00.000',25,1,4)
  , (62,TIMESTAMP '2014-07-10 05:00:00.000',21,6,4)
  , (63,TIMESTAMP '2014-07-13 05:00:00.000',6,1,5)
  , (64,TIMESTAMP '2014-07-14 04:00:00.000',21,25,6)
  , (65,TIMESTAMP '2014-06-13 05:00:00.000',4,1,1)
  , (66,TIMESTAMP '2014-06-14 01:00:00.000',3,2,1)
  , (67,TIMESTAMP '2014-06-14 04:00:00.000',6,5,1)
  , (68,TIMESTAMP '2014-06-14 07:00:00.000',8,7,1)
  , (69,TIMESTAMP '2014-06-15 01:00:00.000',10,9,1)
  , (70,TIMESTAMP '2014-06-15 04:00:00.000',14,13,1)
  , (71,TIMESTAMP '2014-06-15 07:00:00.000',16,15,1)
  , (72,TIMESTAMP '2014-06-15 10:00:00.000',12,11,1)
  , (73,TIMESTAMP '2014-06-16 01:00:00.000',18,17,1)
  , (74,TIMESTAMP '2014-06-16 04:00:00.000',20,19,1)
  , (75,TIMESTAMP '2014-06-16 07:00:00.000',22,21,1)
  , (76,TIMESTAMP '2014-06-17 01:00:00.000',26,25,1)
  , (77,TIMESTAMP '2014-06-17 04:00:00.000',24,23,1)
  , (78,TIMESTAMP '2014-06-17 07:00:00.000',28,27,1)
  , (79,TIMESTAMP '2014-06-18 01:00:00.000',30,29,1)
  , (80,TIMESTAMP '2014-06-18 04:00:00.000',2,1,1)
  , (81,TIMESTAMP '2014-06-18 07:00:00.000',32,31,1)
  , (82,TIMESTAMP '2014-06-19 01:00:00.000',6,8,1)
  , (83,TIMESTAMP '2014-06-19 04:00:00.000',7,5,1)
  , (84,TIMESTAMP '2014-06-19 07:00:00.000',4,3,1)
  , (85,TIMESTAMP '2014-06-20 01:00:00.000',11,9,1)
  , (86,TIMESTAMP '2014-06-20 04:00:00.000',15,13,1)
  , (87,TIMESTAMP '2014-06-20 07:00:00.000',10,12,1)
  , (88,TIMESTAMP '2014-06-21 01:00:00.000',14,16,1)
  , (89,TIMESTAMP '2014-06-21 04:00:00.000',19,17,1)
  , (90,TIMESTAMP '2014-06-21 07:00:00.000',18,20,1)
  , (91,TIMESTAMP '2014-06-22 01:00:00.000',23,21,1)
  , (92,TIMESTAMP '2014-06-22 04:00:00.000',27,25,1)
  , (93,TIMESTAMP '2014-06-22 07:00:00.000',22,24,1)
  , (94,TIMESTAMP '2014-06-23 01:00:00.000',31,29,1)
  , (95,TIMESTAMP '2014-06-23 04:00:00.000',30,32,1)
  , (96,TIMESTAMP '2014-06-23 07:00:00.000',26,28,1)
  , (97,TIMESTAMP '2014-06-24 01:00:00.000',5,8,1)
  , (98,TIMESTAMP '2014-06-24 01:00:00.000',7,6,1)
  , (99,TIMESTAMP '2014-06-24 05:00:00.000',1,3,1)
  , (100,TIMESTAMP '2014-06-24 05:00:00.000',2,4,1)
  , (101,TIMESTAMP '2014-06-25 01:00:00.000',13,16,1)
  , (102,TIMESTAMP '2014-06-25 01:00:00.000',15,14,1)
  , (103,TIMESTAMP '2014-06-25 05:00:00.000',9,12,1)
  , (104,TIMESTAMP '2014-06-25 05:00:00.000',11,10,1)
  , (105,TIMESTAMP '2014-06-26 01:00:00.000',21,24,1)
  , (106,TIMESTAMP '2014-06-26 01:00:00.000',23,22,1)
  , (107,TIMESTAMP '2014-06-26 05:00:00.000',17,20,1)
  , (108,TIMESTAMP '2014-06-26 05:00:00.000',19,18,1)
  , (109,TIMESTAMP '2014-06-27 01:00:00.000',25,28,1)
  , (110,TIMESTAMP '2014-06-27 01:00:00.000',27,26,1)
  , (111,TIMESTAMP '2014-06-27 05:00:00.000',29,32,1)
  , (112,TIMESTAMP '2014-06-27 05:00:00.000',31,30,1)
  , (113,TIMESTAMP '2014-06-29 01:00:00.000',1,7,2)
  , (114,TIMESTAMP '2014-06-29 05:00:00.000',9,13,2)
  , (115,TIMESTAMP '2014-06-30 01:00:00.000',6,2,2)
  , (116,TIMESTAMP '2014-06-30 05:00:00.000',14,10,2)
  , (117,TIMESTAMP '2014-07-01 01:00:00.000',19,24,2)
  , (118,TIMESTAMP '2014-07-01 05:00:00.000',25,30,2)
  , (119,TIMESTAMP '2014-07-02 01:00:00.000',21,17,2)
  , (120,TIMESTAMP '2014-07-02 05:00:00.000',29,28,2)
  , (121,TIMESTAMP '2014-07-05 01:00:00.000',19,25,3)
  , (122,TIMESTAMP '2014-07-05 05:00:00.000',1,9,3)
  , (123,TIMESTAMP '2014-07-06 01:00:00.000',21,29,3)
  , (124,TIMESTAMP '2014-07-06 05:00:00.000',6,14,3)
  , (125,TIMESTAMP '2014-07-09 05:00:00.000',1,25,4)
  , (126,TIMESTAMP '2014-07-10 05:00:00.000',6,21,4)
  , (127,TIMESTAMP '2014-07-13 05:00:00.000',1,6,5)
  , (128,TIMESTAMP '2014-07-14 04:00:00.000',25,21,6);

INSERT INTO public.players(id,country_id,uniform_num,position,name,club,birth,height,weight) VALUES 
    (1,1,12,'GK','ジュリオセザール','トロント（カナダ）',DATE '1979-09-03',186,79)
  , (2,1,1,'GK','ジェフェルソン','ボタフォゴ（ブラジル）',DATE '1983-01-02',188,80)
  , (3,1,22,'GK','ビクトル','アトレチコ・ミネイロ（ブラジル）',DATE '1983-01-21',193,84)
  , (4,1,23,'DF','マイコン','ローマ（イタリア）',DATE '1981-07-26',184,77)
  , (5,1,14,'DF','マックスウェル','パリサンジェルマン（フランス）',DATE '1981-08-27',176,73)
  , (6,1,2,'DF','アウベス','バルセロナ（スペイン）',DATE '1983-05-06',173,64)
  , (7,1,13,'DF','ダンチ','Bミュンヘン（ドイツ）',DATE '1983-10-18',188,87)
  , (8,1,3,'DF','チアゴシウバ','パリサンジェルマン（フランス）',DATE '1984-09-22',183,79)
  , (9,1,15,'DF','エンリケ','ナポリ（イタリア）',DATE '1986-10-14',187,73)
  , (10,1,4,'DF','ダビドルイス','チェルシー（イングランド）',DATE '1987-04-22',189,84)
  , (11,1,6,'DF','マルセロ','Rマドリード（スペイン）',DATE '1988-05-12',172,73)
  , (12,1,5,'MF','フェルナンジーニョ','マンチェスターC（イングランド）',DATE '1985-05-04',175,67)
  , (13,1,18,'MF','エルナネス','インテルミラノ（イタリア）',DATE '1985-05-29',181,76)
  , (14,1,16,'MF','ラミレス','チェルシー（イングランド）',DATE '1987-03-24',180,73)
  , (15,1,17,'MF','ルイスグスタボ','ウォルフスブルク（ドイツ）',DATE '1987-07-23',187,80)
  , (16,1,8,'MF','パウリーニョ','トットナム（イングランド）',DATE '1988-07-25',182,71)
  , (17,1,19,'MF','ビリアン','チェルシー（イングランド）',DATE '1988-08-09',174,72)
  , (18,1,11,'MF','オスカル','チェルシー（イングランド）',DATE '1991-09-09',180,66)
  , (19,1,9,'FW','フレジ','フルミネンセ（ブラジル）',DATE '1983-10-03',185,90)
  , (20,1,7,'FW','フッキ','ゼニト（ロシア）',DATE '1986-07-25',180,85)
  , (21,1,21,'FW','ジョー','アトレチコ・ミネイロ（ブラジル）',DATE '1987-03-20',189,78)
  , (22,1,10,'FW','ネイマール','バルセロナ（スペイン）',DATE '1992-02-05',175,64)
  , (23,1,20,'FW','ベルナルジ','シャフタル・ドネツク（クロアチア）',DATE '1992-09-08',163,60)
  , (24,2,12,'GK','コロナ','クルスアスル（メキシコ）',DATE '1981-01-26',178,72)
  , (25,2,23,'GK','タラベラ','トルーカ（メキシコ）',DATE '1982-09-18',188,85)
  , (26,2,1,'GK','オチョア','アジャクシオ（フランス）',DATE '1985-07-13',185,78)
  , (27,2,4,'DF','マルケス','レオン（メキシコ）',DATE '1979-02-13',184,75)
  , (28,2,3,'DF','サルシド','ティグレス（メキシコ）',DATE '1980-04-02',170,62)
  , (29,2,2,'DF','ロドリゲス','アメリカ',DATE '1981-10-20',191,79)
  , (30,2,22,'DF','アギラル','アメリカ',DATE '1986-03-06',178,67)
  , (31,2,18,'DF','グアルダド','レーバークーゼン（ドイツ）',DATE '1986-09-28',169,67)
  , (32,2,15,'DF','モレノ','エスパニョール（スペイン）',DATE '1988-01-17',184,80)
  , (33,2,7,'DF','ラジュン','アメリカ',DATE '1988-06-25',176,66)
  , (34,2,13,'DF','レジェス','ポルト（ポルトガル）',DATE '1992-09-19',189,65)
  , (35,2,20,'MF','モンテス','レオン',DATE '1986-05-15',166,66)
  , (36,2,5,'MF','バスケス','レオン',DATE '1988-03-14',164,62)
  , (37,2,16,'MF','ポンセ','トルーカ',DATE '1989-04-12',175,77)
  , (38,2,8,'MF','ファビアン','クルスアスル',DATE '1989-07-21',170,65)
  , (39,2,17,'MF','ペニャ','レオン',DATE '1990-03-29',176,76)
  , (40,2,6,'MF','エレラ','ポルト（ポルトガル）',DATE '1990-04-19',183,72)
  , (41,2,21,'MF','ブリスエラ','トルーカ',DATE '1990-08-28',173,67)
  , (42,2,19,'FW','ペラルタ','サントス・ラグーナ',DATE '1984-01-12',177,73)
  , (43,2,14,'FW','エルナンデス','マンチェスターU（イングランド）',DATE '1988-06-01',173,62)
  , (44,2,10,'FW','ドスサントス','ビリャレアル（スペイン）',DATE '1989-05-11',174,70)
  , (45,2,11,'FW','プリド','ティグレス',DATE '1991-03-08',174,67)
  , (46,2,9,'FW','ヒメネス','クラブ・アメリカ',DATE '1991-05-05',186,77)
  , (47,3,16,'GK','イタンジェ','コニヤスポル（トルコ）',DATE '1982-11-02',193,88)
  , (48,3,23,'GK','ヌジョック','フェトヒエスポル（トルコ）',DATE '1990-02-25',181,85)
  , (49,3,1,'GK','フジュ','コトンスポール',DATE '1992-04-14',178,74)
  , (50,3,2,'DF','アスエコット','クイーンズパーク（イングランド）',DATE '1984-03-24',179,69)
  , (51,3,12,'DF','ベディモ','リヨン（フランス）',DATE '1984-06-04',180,80)
  , (52,3,14,'DF','シェジュ','ガラタサライ（トルコ）',DATE '1985-06-20',184,86)
  , (53,3,5,'DF','ヌンク','ベシクタシュ（トルコ）',DATE '1986-04-11',184,85)
  , (54,3,22,'DF','ニョム','グラナダ（スペイン）',DATE '1988-05-10',188,81)
  , (55,3,5,'DF','ヌクルー','マルセイユ（フランス）',DATE '1990-03-27',180,77)
  , (56,3,4,'DF','ジュグー','コトンスポール',DATE '1992-08-28',184,75)
  , (57,3,11,'MF','マクン','レンヌ（フランス）',DATE '1983-05-29',172,65)
  , (58,3,7,'MF','ヌゲモ','ボルドー（フランス）',DATE '1985-11-28',173,70)
  , (59,3,18,'MF','エノー','アンタルヤスポル（トルコ）',DATE '1986-03-23',180,76)
  , (60,3,17,'MF','ムビア','セビリア（スペイン）',DATE '1986-05-20',189,82)
  , (61,3,6,'MF','ソング','バルセロナ（スペイン）',DATE '1987-09-09',185,74)
  , (62,3,8,'MF','ムカンジョ','ナンシー（フランス）',DATE '1988-11-12',179,76)
  , (63,3,21,'MF','マティプ','シャルケ（ドイツ）',DATE '1991-08-08',193,88)
  , (64,3,20,'MF','サリ','ランス（フランス）',DATE '1992-08-17',163,64)
  , (65,3,9,'FW','エトー','チェルシー（イングランド）',DATE '1981-03-10',180,79)
  , (66,3,15,'FW','ウェボ','フェネルバフチェ（トルコ）',DATE '1982-01-20',180,78)
  , (67,3,13,'FW','チュポモティング','マインツ（ドイツ）',DATE '1989-03-23',190,84)
  , (68,3,10,'FW','アブバカル','ロリアン（フランス）',DATE '1992-01-22',184,82)
  , (69,3,19,'FW','オリンガ','ワーレゲム（ベルギー）',DATE '1996-05-12',172,66)
  , (70,4,1,'GK','プレティコサ','ロストフ（ロシア）',DATE '1979-01-08',193,83)
  , (71,4,23,'GK','スバシッチ','モナコ（イタリア）',DATE '1984-10-27',191,85)
  , (72,4,12,'GK','ゼレニカ','NKロコモティバ',DATE '1993-05-14',192,82)
  , (73,4,3,'DF','プラニッチ','パナシナイコス（ギリシャ）',DATE '1981-12-02',171,70)
  , (74,4,11,'DF','スルナ','シャフタル（ウクライナ）',DATE '1982-05-01',182,78)
  , (75,4,13,'DF','シルデンフェルト','パナシナイコス（ギリシャ）',DATE '1985-03-18',191,91)
  , (76,4,5,'DF','チョルルカ','ロコモティフ・モスクワ（ロシア）',DATE '1986-02-05',192,84)
  , (77,4,21,'DF','ビダ','ディナモ・キエフ（ウクライナ）',DATE '1989-04-29',184,73)
  , (78,4,6,'DF','ロブレン','サウサンプトン（イングランド）',DATE '1989-07-05',188,84)
  , (79,4,2,'DF','ブルサリコ','ジェノア（イタリア）',DATE '1992-01-10',183,73)
  , (80,4,8,'MF','ブコイエビッチ','ディナモ・キエフ（ウクライナ）',DATE '1983-12-20',184,85)
  , (81,4,10,'MF','モドリッチ','Rマドリード（スペイン）',DATE '1985-09-09',174,65)
  , (82,4,19,'MF','サミル','ヘタフェ（スペイン）',DATE '1987-04-23',178,77)
  , (83,4,7,'MF','ラキティッチ','セビリア（スペイン）',DATE '1988-03-10',184,75)
  , (84,4,4,'MF','ペリシッチ','ウォルフスブルク（ドイツ）',DATE '1989-02-02',182,74)
  , (85,4,14,'MF','ブロゾビッチ','ディナモ・ザグレブ',DATE '1992-11-16',180,65)
  , (86,4,15,'MF','モチニッチ','リエカ',DATE '1993-04-30',180,72)
  , (87,4,20,'MF','コバチッチ','インテルミラノ（イタリア）',DATE '1994-05-06',181,75)
  , (88,4,18,'FW','オリッチ','ウォルフスブルク（ドイツ）',DATE '1979-09-14',182,85)
  , (89,4,22,'FW','エドゥアルド','シャフタル（ウクライナ）',DATE '1983-02-25',177,73)
  , (90,4,9,'FW','イエラビッチ','ハルシティ（イングランド）',DATE '1985-08-27',187,84)
  , (91,4,17,'FW','マンジュキッチ','Bミュンヘン（ドイツ）',DATE '1986-05-21',187,84)
  , (92,4,16,'FW','レビッチ','フィオレンティナ（イタリア）',DATE '1993-09-21',185,77)
  , (93,5,1,'GK','カシリャス','Rマドリード',DATE '1981-05-20',183,84)
  , (94,5,23,'GK','レイナ','ナポリ（イタリア）',DATE '1982-08-31',188,86)
  , (95,5,12,'GK','デヘア','マンチェスターU（イングランド）',DATE '1990-11-07',192,82)
  , (96,5,5,'DF','フアンフラン','Aマドリード',DATE '1985-01-09',180,72)
  , (97,5,2,'DF','アルビオル','ナポリ（イタリア）',DATE '1985-09-04',187,82)
  , (98,5,15,'DF','セルヒオラモス','Rマドリード',DATE '1986-03-30',183,75)
  , (99,5,3,'DF','ピケ','バルセロナ',DATE '1987-02-02',192,85)
  , (100,5,18,'DF','アルバ','バルセロナ',DATE '1989-03-21',170,69)
  , (101,5,22,'DF','アスピリクエタ','チェルシー（イングランド）',DATE '1989-08-28',178,76)
  , (102,5,8,'MF','シャビ','バルセロナ',DATE '1980-01-25',170,68)
  , (103,5,14,'MF','シャビアロンソ','Rマドリード',DATE '1981-11-25',183,77)
  , (104,5,6,'MF','イニエスタ','バルセロナ',DATE '1984-05-11',170,65)
  , (105,5,20,'MF','カソルラ','アーセナル（イングランド）',DATE '1984-12-13',168,66)
  , (106,5,10,'MF','セスク','バルセロナ',DATE '1987-05-04',179,75)
  , (107,5,16,'MF','ブスケツ','バルセロナ',DATE '1988-07-16',189,73)
  , (108,5,4,'MF','ハビマルティネス','Bミュンヘン（ドイツ）',DATE '1988-09-02',190,81)
  , (109,5,17,'MF','コケ','Aマドリード',DATE '1992-01-08',178,74)
  , (110,5,7,'FW','ビリャ','Aマドリード',DATE '1981-12-03',175,69)
  , (111,5,9,'FW','フェルナンドトレス','チェルシー（イングランド）',DATE '1984-03-20',186,81)
  , (112,5,11,'FW','ペドロ','バルセロナ',DATE '1987-07-28',169,64)
  , (113,5,21,'FW','シルバ','マンチェスターC（イングランド）',DATE '1986-01-08',170,67)
  , (114,5,13,'FW','マタ','チェルシー（イングランド）',DATE '1988-04-28',174,63)
  , (115,5,19,'FW','ディエゴコスタ','Aマドリード',DATE '1988-10-07',188,81)
  , (116,7,23,'GK','エレラ','ウニベルシダード・デ・チリ',DATE '1981-05-09',184,85)
  , (117,7,1,'GK','ブラボ','Rソシエダード（スペイン）',DATE '1983-04-13',185,84)
  , (118,7,12,'GK','トセリ','ウニベルシダード・カトリカ',DATE '1988-06-15',186,75)
  , (119,7,13,'DF','ロハス','ウニベルシダード・デ・チリ',DATE '1983-06-23',174,83)
  , (120,7,18,'DF','ハラ','ノッティンガム・フォレスト（イングランド）',DATE '1985-08-29',178,71)
  , (121,7,17,'DF','メデル','カーディフ（ウェールズ）',DATE '1987-08-03',172,74)
  , (122,7,4,'DF','イスラ','ユベントス（イタリア）',DATE '1988-06-12',175,72)
  , (123,7,2,'DF','メナ','サントス（ブラジル）',DATE '1988-07-18',175,68)
  , (124,7,10,'MF','バルディビア','パルメイラス（ブラジル）',DATE '1983-10-19',173,71)
  , (125,7,19,'MF','フエンサリダ','コロコロ',DATE '1985-02-22',169,64)
  , (126,7,5,'MF','シルバ','オサスナ（スペイン）',DATE '1986-02-11',178,75)
  , (127,7,21,'MF','ディアス','バーゼル（スイス）',DATE '1986-12-30',168,65)
  , (128,7,6,'MF','カルモナ','アタランタ（イタリア）',DATE '1987-02-21',178,68)
  , (129,7,8,'MF','ビダル','ユベントス（イタリア）',DATE '1987-05-22',180,75)
  , (130,7,20,'MF','アランギス','インテルナシオナル（ブラジル）',DATE '1989-04-17',171,72)
  , (131,7,16,'MF','グティエレス','トウェンテ（オランダ）',DATE '1990-10-08',170,64)
  , (132,7,3,'MF','アルボノルス','マルメ（スウェーデン）',DATE '1990-11-30',180,80)
  , (133,7,22,'FW','パレデス','コロコロ',DATE '1980-08-01',179,76)
  , (134,7,9,'FW','ピニジャ','カリャリ（イタリア）',DATE '1984-02-04',185,75)
  , (135,7,15,'FW','ボーセジュール','ウィガン（イングランド）',DATE '1984-06-01',178,81)
  , (136,7,14,'FW','オレジャナ','セルタ（スペイン）',DATE '1986-01-27',171,70)
  , (137,7,7,'FW','サンチェス','バルセロナ（スペイン）',DATE '1988-12-19',169,70)
  , (138,7,11,'FW','バルガス','バレンシア（スペイン）',DATE '1989-11-20',175,69)
  , (139,8,18,'GK','ガレコビッチ','アデレードU',DATE '1981-06-12',186,91)
  , (140,8,12,'GK','ランゲラク','ドルトムント（ドイツ）',DATE '1988-08-22',192,81)
  , (141,8,1,'GK','ライアン','クラブ・ブルージュ（ベルギー）',DATE '1992-04-08',184,73)
  , (142,8,22,'DF','ウィルキンソン','全北',DATE '1984-08-13',187,85)
  , (143,8,2,'DF','フラニッチ','ブリスベーン',DATE '1987-09-10',180,77)
  , (144,8,6,'DF','スピラノビッチ','ウェスタンシドニー',DATE '1988-06-27',180,77)
  , (145,8,19,'DF','マクガワン','山東（中国）',DATE '1989-08-15',191,75)
  , (146,8,3,'DF','デービッドソン','ヘラクレス（オランダ）',DATE '1991-06-29',180,74)
  , (147,8,8,'DF','ライト','プレストン（イングランド）',DATE '1992-07-28',184,84)
  , (148,8,23,'MF','ブレシャノ','アルガラファ（カタール）',DATE '1980-02-11',182,73)
  , (149,8,17,'MF','マッケイ','ブリスベーン',DATE '1983-01-11',171,65)
  , (150,8,15,'MF','ジェディナク','クリスタルパレス（イングランド）',DATE '1984-08-03',189,88)
  , (151,8,5,'MF','ミリガン','メルボルン・ビクトリー',DATE '1985-08-04',178,78)
  , (152,8,20,'MF','ビドシッチ','シオン（スイス）',DATE '1987-04-08',184,74)
  , (153,8,14,'MF','トロイージ','メルボルン・ビクトリー',DATE '1988-07-03',180,81)
  , (154,8,13,'MF','ボザニッチ','ルツェルン（スイス）',DATE '1989-01-08',183,76)
  , (155,8,16,'MF','ホランド','オーストリア・ウィーン（オーストリア）',DATE '1989-05-15',180,74)
  , (156,8,11,'MF','オー','ユトレヒト（オランダ）',DATE '1991-12-10',170,64)
  , (157,8,21,'MF','ルオンゴ','スウィンドン（イングランド）',DATE '1992-09-25',176,75)
  , (158,8,4,'FW','ケーヒル','レッドブルズ（米国）',DATE '1979-12-06',178,68)
  , (159,8,7,'FW','レッキー','フランクフルト（ドイツ）',DATE '1991-02-04',180,78)
  , (160,8,10,'FW','ハロラン','デュッセルドルフ（ドイツ）',DATE '1992-06-14',180,73)
  , (161,8,9,'FW','タガート','ニューカッスル・ジェッツ',DATE '1993-06-02',183,69)
  , (162,6,22,'GK','フォルム','スウォンジー（イングランド）',DATE '1983-10-20',183,86)
  , (163,6,23,'GK','クルル','ニューカッスル（イングランド）',DATE '1988-04-03',193,84)
  , (164,6,0,'GK','シレッセン','アヤックス',DATE '1989-04-22',188,82)
  , (165,6,12,'DF','フェルハーフ','アウクスブルク（ドイツ）',DATE '1983-09-01',178,72)
  , (166,6,0,'DF','フラール','アストンビラ（イングランド）',DATE '1985-02-16',189,80)
  , (167,6,0,'DF','ヤンマート','フェイエノールト',DATE '1989-07-22',185,80)
  , (168,6,0,'DF','ブリント','アヤックス',DATE '1990-03-09',180,72)
  , (169,6,13,'DF','フェルトマン','アヤックス',DATE '1992-01-15',182,73)
  , (170,6,0,'DF','デフライ','フェイエノールト',DATE '1992-02-05',188,78)
  , (171,6,0,'DF','マルティンスインディ','フェイエノールト',DATE '1992-02-08',185,76)
  , (172,6,14,'DF','コンゴロ','フェイエノールト',DATE '1994-02-14',182,74)
  , (173,6,10,'MF','スナイダー','ガラタサライ（トルコ）',DATE '1984-06-09',170,67)
  , (174,6,0,'MF','デヨング','ACミラン（イタリア）',DATE '1984-11-30',174,72)
  , (175,6,11,'MF','ロッベン','Bミュンヘン（ドイツ）',DATE '1984-01-23',180,80)
  , (176,6,0,'MF','デグズマン','スウォンジー（イングランド）',DATE '1987-09-13',173,65)
  , (177,6,18,'MF','フェル','ノリッジ（イングランド）',DATE '1990-01-05',188,79)
  , (178,6,16,'MF','クラシー','フェイエノールト',DATE '1991-06-27',169,68)
  , (179,6,20,'MF','ワイナルドゥム','PSV',DATE '1990-11-11',173,69)
  , (180,6,15,'FW','カイト','フェネルバフチェ（トルコ）',DATE '1980-07-22',184,77)
  , (181,6,0,'FW','ファンペルシー','マンチェスターU（イングランド）',DATE '1983-08-06',183,71)
  , (182,6,19,'FW','フンテラール','シャルケ（ドイツ）',DATE '1983-08-12',183,78)
  , (183,6,21,'FW','デパイ','PSV',DATE '1994-02-13',176,78)
  , (184,6,17,'FW','レンス','ディナモ・キエフ（ウクライナ）',DATE '1987-11-24',178,80)
  , (185,9,22,'GK','モンドラゴン','デポルティボ・カリ',DATE '1971-06-21',191,94)
  , (186,9,2,'GK','オスピナ','ニース（フランス）',DATE '1988-08-31',183,79)
  , (187,9,12,'GK','バルガス','インディペンディエンテ・サンタフェ',DATE '1989-03-09',185,80)
  , (188,9,3,'DF','ジェペス','アタランタ（イタリア）',DATE '1976-01-13',186,83)
  , (189,9,23,'DF','バルデス','サン・ロレンソ（アルゼンチン）',DATE '1985-05-22',184,80)
  , (190,9,18,'DF','スニガ','ナポリ（イタリア）',DATE '1985-12-14',172,72)
  , (191,9,2,'DF','サパタ','ACミラン（イタリア）',DATE '1986-09-30',187,82)
  , (192,9,7,'DF','アルメロ','ウェストハム（イングランド）',DATE '1986-11-02',174,73)
  , (193,9,4,'DF','アリアス','PSV（オランダ）',DATE '1992-01-13',175,72)
  , (194,9,16,'DF','バランタ','リバープレート（アルゼンチン）',DATE '1993-02-28',181,84)
  , (195,9,8,'MF','アギラル','トゥールーズ（フランス）',DATE '1985-01-06',185,78)
  , (196,9,6,'MF','サンチェス','エルチェ（スペイン）',DATE '1986-02-06',182,80)
  , (197,9,13,'MF','グアリン','インテルミラノ（イタリア）',DATE '1986-06-30',183,77)
  , (198,9,11,'MF','グアドラード','フィオレンティナ（イタリア）',DATE '1988-05-26',176,66)
  , (199,9,15,'MF','メヒア','アトレチコ・ナシオナル',DATE '1988-07-11',177,77)
  , (200,9,5,'MF','カルボネロ','リバープレート（アルゼンチン）',DATE '1990-07-25',178,77)
  , (201,9,10,'MF','ロドリゲス','モナコ（フランス）',DATE '1991-07-12',180,77)
  , (202,9,20,'MF','キンテロ','ポルト（ポルトガル）',DATE '1993-01-18',169,64)
  , (203,9,9,'FW','グティエレス','リバープレート（アルゼンチン）',DATE '1985-05-17',178,83)
  , (204,9,19,'FW','ラモス','ヘルタ（ドイツ）',DATE '1986-01-22',185,74)
  , (205,9,17,'FW','バッカ','セビリア（スペイン）',DATE '1986-09-08',181,77)
  , (206,9,21,'FW','マルティネス','ポルト（ポルトガル）',DATE '1986-10-03',184,75)
  , (207,9,14,'FW','イバルボ','カリャリ（イタリア）',DATE '1990-05-19',188,76)
  , (208,10,1,'GK','カルネジス','グラナダ（スペイン）',DATE '1985-07-11',190,84)
  , (209,10,12,'GK','グリコス','PAOK',DATE '1986-10-10',189,83)
  , (210,10,13,'GK','カピノ','パナシナイコス',DATE '1994-03-18',196,86)
  , (211,10,11,'DF','ビントラ','レバンテ（スペイン）',DATE '1981-02-05',184,76)
  , (212,10,5,'DF','モラス','トリノ（イタリア）',DATE '1981-08-26',193,78)
  , (213,10,20,'DF','ホレバス','オリンピアコス',DATE '1984-06-27',184,79)
  , (214,10,15,'DF','トロシディス','ローマ（イタリア）',DATE '1985-06-10',185,80)
  , (215,10,2,'DF','マニアティス','オリンピアコス',DATE '1986-10-12',177,71)
  , (216,10,3,'DF','ツァベラス','PAOK',DATE '1987-11-26',183,81)
  , (217,10,19,'DF','パパスタソプロス','ドルトムント（ドイツ）',DATE '1988-06-09',185,85)
  , (218,10,4,'DF','マノラス','オリンピアコス',DATE '1991-06-14',186,79)
  , (219,10,10,'MF','カラグニス','フラム（イングランド）',DATE '1977-03-06',176,74)
  , (220,10,21,'MF','カツラニス','PAOK',DATE '1979-06-21',183,81)
  , (221,10,6,'MF','ツィオリス','カイセリスポル（トルコ）',DATE '1985-02-13',189,84)
  , (222,10,16,'MF','クリストドゥロプロス','ボローニャ（イタリア）',DATE '1986-12-19',183,77)
  , (223,10,8,'MF','コネ','ボローニャ（イタリア）',DATE '1987-07-26',182,74)
  , (224,10,22,'MF','A・サマラス','オリンピアコス',DATE '1989-06-13',189,80)
  , (225,10,23,'MF','タフツィディス','トリノ（イタリア）',DATE '1991-02-15',191,86)
  , (226,10,17,'FW','ゲカス','コンヤスポル（トルコ）',DATE '1980-05-23',179,76)
  , (227,10,14,'FW','サルピンギディス','PAOK',DATE '1981-08-18',172,74)
  , (228,10,7,'FW','サマラス','セルティック（スコットランド）',DATE '1985-02-21',193,82)
  , (229,10,9,'FW','ミトログル','フラム（イングランド）',DATE '1988-03-12',189,86)
  , (230,10,18,'FW','フェトファツィディス','ジェノア（イタリア）',DATE '1990-12-21',168,64)
  , (231,11,1,'GK','バリ','ロケレン',DATE '1979-12-30',180,69)
  , (232,11,16,'GK','グボウオ','セウェ・スポーツ',DATE '1988-10-29',184,82)
  , (233,11,23,'GK','マンデ','スタバエク',DATE '1993-06-15',188,82)
  , (234,11,5,'DF','ゾコラ','無所属',DATE '1980-12-14',179,72)
  , (235,11,4,'DF','K・トゥーレ','リバプール',DATE '1981-03-19',183,76)
  , (236,11,3,'DF','ボカ','シュツットガルト',DATE '1981-03-19',166,67)
  , (237,11,22,'DF','バンバ','トラブゾンスポル',DATE '1985-01-13',190,90)
  , (238,11,18,'DF','ジャクパ','フランクフルト',DATE '1986-10-17',177,71)
  , (239,11,2,'DF','ディアラスバ','リゼスポル',DATE '1986-12-21',186,79)
  , (240,11,7,'DF','アクパ','トゥールーズ',DATE '1986-11-28',180,68)
  , (241,11,17,'DF','オーリエ','トゥールーズ',DATE '1992-12-24',175,75)
  , (242,11,19,'MF','Y・トゥーレ','マンチェスターC',DATE '1983-05-13',188,90)
  , (243,11,13,'MF','ヤコナン','ハノーバー',DATE '1984-02-25',174,67)
  , (244,11,20,'MF','セレイ','バーゼル',DATE '1984-11-07',179,77)
  , (245,11,9,'MF','ティオテ','ニューカッスル',DATE '1986-06-21',180,79)
  , (246,11,15,'MF','グラデル','サンテティエンヌ',DATE '1987-11-30',180,70)
  , (247,11,14,'MF','ディオマンデ','サンテティエンヌ',DATE '1992-08-28',180,75)
  , (248,11,11,'FW','ドログバ','ガラタサライ',DATE '1978-03-11',189,91)
  , (249,11,8,'FW','カルー','リール',DATE '1985-08-05',184,77)
  , (250,11,10,'FW','ジェルビーニョ','ローマ',DATE '1987-05-27',179,68)
  , (251,11,12,'FW','ボニ','スウォンジー',DATE '1988-12-10',182,88)
  , (252,11,21,'FW','シオ','バーゼル',DATE '1989-03-31',181,77)
  , (253,11,6,'FW','ボリ','デュッセルドルフ',DATE '1990-11-14',185,77)
  , (254,16,1,'GK','ブフォン','ユベントス',DATE '1978-01-28',191,83)
  , (255,16,12,'GK','シリグ','パリサンジェルマン（フランス）',DATE '1987-01-12',192,80)
  , (256,16,13,'GK','ペリン','ジェノア',DATE '1992-11-10',188,74)
  , (257,16,15,'DF','バルザーリ','ユベントス',DATE '1981-05-08',186,79)
  , (258,16,3,'DF','キエリーニ','ユベントス',DATE '1984-08-14',186,76)
  , (259,16,20,'DF','パレッタ','パルマ',DATE '1986-02-15',190,88)
  , (260,16,7,'DF','アバテ','ACミラン',DATE '1986-11-12',180,73)
  , (261,16,19,'DF','ボヌッチ','ユベントス',DATE '1987-05-01',190,82)
  , (262,16,4,'DF','ダルミアン','トリノ',DATE '1989-12-02',182,70)
  , (263,16,2,'DF','デシリョ','ACミラン',DATE '1992-10-20',183,74)
  , (264,16,21,'MF','ピルロ','ユベントス',DATE '1979-05-19',177,68)
  , (265,16,5,'MF','モッタ','パリサンジェルマン（フランス）',DATE '1982-08-28',187,83)
  , (266,16,16,'MF','デロッシ','ローマ',DATE '1983-07-24',184,81)
  , (267,16,14,'MF','アクイラーニ','フィオレンティナ',DATE '1984-07-07',186,77)
  , (268,16,18,'MF','パローロ','パルマ',DATE '1985-01-25',186,82)
  , (269,16,8,'MF','マルキジオ','ユベントス',DATE '1986-01-19',179,76)
  , (270,16,6,'MF','カンドレバ','ラツィオ',DATE '1987-02-28',181,72)
  , (271,16,23,'MF','ベラッティ','パリサンジェルマン（フランス）',DATE '1992-11-05',165,60)
  , (272,16,10,'FW','カッサーノ','パルマ',DATE '1982-07-12',175,73)
  , (273,16,11,'FW','チェルチ','トリノ',DATE '1987-07-23',180,78)
  , (274,16,17,'FW','インモビレ','トリノ',DATE '1990-02-20',185,78)
  , (275,16,9,'FW','バロテリ','ACミラン',DATE '1990-08-12',189,88)
  , (276,16,22,'FW','インシニェ','ナポリ',DATE '1991-06-04',163,59)
  , (277,14,18,'GK','ペンベルトン','アラフエレンセ',DATE '1982-04-24',178,75)
  , (278,14,23,'GK','カンブロネロ','エレディアノ',DATE '1986-01-08',171,71)
  , (279,14,1,'GK','ナバス','レバンテ（スペイン）',DATE '1986-12-15',184,78)
  , (280,14,4,'DF','ウマニャ','サプリサ',DATE '1982-07-16',178,73)
  , (281,14,2,'DF','アコスタ','アラフエレンセ',DATE '1983-07-21',175,80)
  , (282,14,15,'DF','ディアス','マインツ（ドイツ）',DATE '1983-09-12',185,76)
  , (283,14,8,'DF','モラ','サプリサ',DATE '1984-06-20',178,78)
  , (284,14,19,'DF','ミラー','レッドブルズ',DATE '1984-11-24',187,75)
  , (285,14,3,'DF','ゴンザレス','クルー（米国）',DATE '1988-02-08',186,72)
  , (286,14,6,'DF','ドゥアルテ','ブリュージュ（ベルギー）',DATE '1989-06-03',184,85)
  , (287,14,16,'DF','ガンボア','ローゼンボリ（ノルウェー）',DATE '1989-10-24',175,67)
  , (288,14,12,'DF','フランシス','クルー（米国）',DATE '1990-09-20',177,72)
  , (289,14,11,'MF','バランテス','オーレスン（ノルウェー）',DATE '1983-10-04',177,71)
  , (290,14,7,'MF','ボラニョス','コペンハーゲン（デンマーク）',DATE '1984-05-17',179,67)
  , (291,14,13,'MF','グラナドス','エレディアノ',DATE '1985-10-25',183,74)
  , (292,14,22,'MF','クベロ','エレディアノ',DATE '1987-02-14',180,75)
  , (293,14,5,'MF','ボルヘス','AIKソルナ（スウェーデン）',DATE '1988-05-27',184,78)
  , (294,14,20,'MF','カルボ','バレレンガ（ノルウェー）',DATE '1991-03-25',178,78)
  , (295,14,17,'MF','テヘダ','サプリサ',DATE '1992-03-17',179,66)
  , (296,14,14,'FW','ブレネス','カルタヒネス',DATE '1983-08-13',175,69)
  , (297,14,10,'FW','ルイス','PSV（オランダ）',DATE '1985-08-18',186,70)
  , (298,14,21,'FW','ウレニャ','クバン（ロシア）',DATE '1990-03-05',179,72)
  , (299,14,9,'FW','キャンベル','オリンピアコス（ギリシャ）',DATE '1992-06-26',178,70)
  , (300,13,12,'GK','ムニョス','リベルタ',DATE '1982-01-22',181,79)
  , (301,13,23,'GK','シルバ','バスコ・ダ・ガマ（ブラジル）',DATE '1983-03-25',187,82)
  , (302,13,1,'GK','ムスレラ','ガラタサライ（トルコ）',DATE '1986-06-16',190,77)
  , (303,13,2,'DF','ルガノ','ウェストブロミッジ（イングランド）',DATE '1980-11-02',188,83)
  , (304,13,16,'DF','M・ペレイラ','ベンフィカ（ポルトガル）',DATE '1984-06-08',173,70)
  , (305,13,4,'DF','フシレ','ポルト（ポルトガル）',DATE '1984-11-19',178,73)
  , (306,13,3,'DF','ゴディン','Aマドリード（スペイン）',DATE '1986-02-16',185,75)
  , (307,13,22,'DF','カセレス','ユベントス（イタリア）',DATE '1987-04-07',182,77)
  , (308,13,19,'DF','コアテス','ナシオナル',DATE '1990-10-07',196,85)
  , (309,13,13,'DF','ヒメネス','Aマドリード（スペイン）',DATE '1995-01-20',185,80)
  , (310,13,15,'MF','ペレス','ボローニャ（イタリア）',DATE '1980-05-18',177,81)
  , (311,13,17,'MF','アレバロ','モレリア（メキシコ）',DATE '1982-01-01',168,73)
  , (312,13,5,'MF','ガルガノ','パルマ（イタリア）',DATE '1984-07-23',168,65)
  , (313,13,20,'MF','ゴンサレス','ラツィオ（イタリア）',DATE '1984-10-29',176,72)
  , (314,13,7,'MF','ロドリゲス','Aマドリード（スペイン）',DATE '1985-09-30',178,81)
  , (315,13,6,'MF','A・ペレイラ','サンパウロ（ブラジル）',DATE '1985-11-28',181,78)
  , (316,13,14,'MF','ロデイロ','ボタフォゴ（ブラジル）',DATE '1989-03-21',173,69)
  , (317,13,18,'MF','ラミレス','サウサンプトン（イングランド）',DATE '1990-12-02',183,77)
  , (318,13,10,'FW','フォルラン','C大阪（日本）',DATE '1979-05-19',180,75)
  , (319,13,11,'FW','ストゥアニ','エスパニョール（スペイン）',DATE '1986-10-12',186,77)
  , (320,13,9,'FW','スアレス','リバプール（イングランド）',DATE '1987-01-24',181,81)
  , (321,13,21,'FW','カバニ','パリサンジェルマン（フランス）',DATE '1987-02-14',184,71)
  , (322,13,8,'FW','エルナンデス','パレルモ（イタリア）',DATE '1990-08-08',185,73)
  , (323,15,22,'GK','フォスター','ウェストブロミッジ',DATE '1983-04-03',193,90)
  , (324,15,1,'GK','ハート','マンチェスターC',DATE '1987-04-19',196,89)
  , (325,15,13,'GK','フォースター','セルティック（スコットランド）',DATE '1988-03-17',201,99)
  , (326,15,6,'DF','ジャギエルカ','エバートン',DATE '1982-08-17',183,83)
  , (327,15,2,'DF','ジョンソン','リバプール',DATE '1984-08-23',182,70)
  , (328,15,3,'DF','ベーンズ','エバートン',DATE '1984-12-11',170,74)
  , (329,15,5,'DF','ケーヒル','チェルシー',DATE '1985-12-19',193,86)
  , (330,15,19,'DF','スターリング','マンチェスターU',DATE '1989-11-22',194,90)
  , (331,15,16,'DF','ジョーンズ','マンチェスターU',DATE '1992-02-21',185,72)
  , (332,15,23,'DF','ショー','サウサンプトン',DATE '1995-07-12',185,75)
  , (333,15,8,'MF','ランパード','チェルシー',DATE '1978-06-20',184,88)
  , (334,15,4,'MF','ジェラード','リバプール',DATE '1980-05-30',183,83)
  , (335,15,17,'MF','ミルナー','マンチェスターC',DATE '1986-01-04',176,70)
  , (336,15,20,'MF','ララーナ','サウサンプトン',DATE '1988-05-10',172,73)
  , (337,15,14,'MF','ヘンダーソン','リバプール',DATE '1990-06-17',182,67)
  , (338,15,7,'MF','ウィルシャー','アーセナル',DATE '1992-01-01',172,68)
  , (339,15,15,'MF','オクスレードチェンバレン','アーセナル',DATE '1993-08-15',180,70)
  , (340,15,21,'MF','バークリー','エバートン',DATE '1993-12-05',189,76)
  , (341,15,19,'MF','スターリング','リバプール',DATE '1994-12-08',170,69)
  , (342,15,18,'FW','ランバート','サウサンプトン',DATE '1982-02-16',187,77)
  , (343,15,10,'FW','ルーニー','マンチェスターU',DATE '1985-10-24',178,86)
  , (344,15,9,'FW','スタリッジ','リバプール',DATE '1989-09-01',183,76)
  , (345,15,11,'FW','ウェルベック','マンチェスターU',DATE '1990-11-26',185,73)
  , (346,18,1,'GK','バンゲラ','バルセロナ・グアヤキル',DATE '1985-12-16',187,85)
  , (347,18,22,'GK','ドミンゲス','LDUキト',DATE '1987-06-05',193,80)
  , (348,18,12,'GK','ボネ','エル・ナシオナル',DATE '1988-09-08',188,85)
  , (349,18,10,'DF','W・アジョビ','パチューカ（メキシコ）',DATE '1979-08-11',171,68)
  , (350,18,2,'DF','グアグア','エメレック',DATE '1981-09-28',180,68)
  , (351,18,18,'DF','バギ','エメレック',DATE '1982-12-10',172,65)
  , (352,18,21,'DF','アチリエル','エメレック',DATE '1985-03-24',183,80)
  , (353,18,4,'DF','パレデス','バルセロナ・グアヤキル',DATE '1987-07-08',174,73)
  , (354,18,3,'DF','エラソ','フラメンゴ（ブラジル）',DATE '1988-05-05',190,65)
  , (355,18,8,'MF','メンデス','インディペンディエンテ・サンタフェ',DATE '1979-03-16',178,68)
  , (356,18,14,'MF','カスティージョ','アルヒラル（サウジアラビア）',DATE '1982-05-15',179,75)
  , (357,18,19,'MF','サリタマ','バルセロナ・グアヤキル',DATE '1983-10-20',172,67)
  , (358,18,6,'MF','ノボア','ディナモ・モスクワ（ロシア）',DATE '1985-04-09',183,77)
  , (359,18,16,'MF','A・バレンシア','マンチェスターU（イングランド）',DATE '1985-08-04',178,78)
  , (360,18,15,'MF','アロジョ','アトランテ（米国）',DATE '1987-04-23',172,70)
  , (361,18,5,'MF','イバラ','フィテッセ（オランダ）',DATE '1991-01-20',174,70)
  , (362,18,23,'MF','グルエソ','シュツットガルト（ドイツ）',DATE '1995-04-19',171,67)
  , (363,18,17,'FW','J・アジョビ','ティフアナ（メキシコ）',DATE '1988-02-21',183,75)
  , (364,18,11,'FW','カイセド','アルジャジーラ（UAE）',DATE '1988-09-05',185,78)
  , (365,18,9,'FW','ロハス','クルスアスル（メキシコ）',DATE '1989-06-14',173,68)
  , (366,18,7,'FW','モンテロ','モレリア（メキシコ）',DATE '1989-09-01',173,70)
  , (367,18,13,'FW','E・バレンシア','パチューカ（メキシコ）',DATE '1989-11-04',174,68)
  , (368,18,20,'FW','マルティネス','ティフアナ（メキシコ）',DATE '1990-02-15',180,74)
  , (369,20,18,'GK','バジャダレス','オリンピア',DATE '1977-05-03',179,82)
  , (370,20,22,'GK','エスコベル','オリンピア',DATE '1981-02-03',180,76)
  , (371,20,1,'GK','ロペス','Rエスパーニャ',DATE '1993-09-13',182,75)
  , (372,20,5,'DF','ベルナルデス','サンノゼ・アースクエイクス（米国）',DATE '1982-05-24',187,86)
  , (373,20,3,'DF','フィゲロア','ハル（イングランド）',DATE '1983-05-02',182,85)
  , (374,20,2,'DF','O・チャベス','青島中能（中国）',DATE '1984-07-29',187,86)
  , (375,20,4,'DF','モンテス','モタグア',DATE '1985-10-26',191,85)
  , (376,20,21,'DF','ベケレス','オリンピア',DATE '1985-11-28',186,80)
  , (377,20,7,'DF','イザギレ','セルティック（スコットランド）',DATE '1986-05-10',177,77)
  , (378,20,14,'DF','J・ガルシア','ウィガン（イングランド）',DATE '1988-03-08',180,76)
  , (379,20,10,'MF','M・チャベス','コロラド・ラピッズ（米国）',DATE '1983-11-03',165,69)
  , (380,20,8,'MF','W・パラシオス','ストーク（イングランド）',DATE '1984-07-29',178,71)
  , (381,20,14,'MF','O・ガルシア','ヒューストン・ダイナモ（米国）',DATE '1984-09-04',175,73)
  , (382,20,20,'MF','クラロス','モタグア',DATE '1986-01-08',176,67)
  , (383,20,15,'MF','エスピノサ','ウィガン（イングランド）',DATE '1986-10-25',180,73)
  , (384,20,12,'MF','デルガド','Rエスパーニャ',DATE '1986-11-20',175,70)
  , (385,20,23,'MF','M・マルティネス','Rエスパーニャ',DATE '1989-07-30',173,72)
  , (386,20,19,'MF','ガリド','オリンピア',DATE '1990-11-05',174,73)
  , (387,20,17,'MF','ナハル','アンデルレヒト（ベルギー）',DATE '1993-03-16',171,67)
  , (388,20,9,'FW','J・パラシオス','アラフエレンセ（コスタリカ）',DATE '1982-05-13',181,84)
  , (389,20,13,'FW','コストリー','Rエスパーニャ',DATE '1982-07-18',190,84)
  , (390,20,11,'FW','ベントソン','ニューイングランド・レボリューション（米国）',DATE '1987-04-08',187,70)
  , (391,20,16,'FW','R・マルティネス','Rソシエダード（スペイン）',DATE '1988-10-16',180,75)
  , (392,17,1,'GK','ベナリオ','ウォルフスブルク（ドイツ）',DATE '1983-09-08',194,89)
  , (393,17,12,'GK','ゾマー','バーゼル',DATE '1988-12-17',183,79)
  , (394,17,21,'GK','ビュルキ','グラスホッパー',DATE '1990-11-14',187,83)
  , (395,17,5,'DF','フォンベルゲン','ヤングボーイズ',DATE '1983-06-10',183,77)
  , (396,17,21,'DF','リヒトシュタイナー','ユベントス（イタリア）',DATE '1984-01-16',180,75)
  , (397,17,4,'DF','センデロス','バレンシア（スペイン）',DATE '1985-02-14',190,84)
  , (552,25,11,'FW','クローゼ','ラツィオ（イタリア）',DATE '1978-06-09',184,84)
  , (398,17,3,'DF','ツィーグラー','サッスオロ（イタリア）',DATE '1986-01-16',183,79)
  , (399,17,20,'DF','ジュルー','ハンブルガーSV（ドイツ）',DATE '1987-01-18',191,87)
  , (400,17,6,'DF','ラング','グラスホッパー',DATE '1991-02-08',185,79)
  , (401,17,22,'DF','シェア','バーゼル',DATE '1991-12-20',186,85)
  , (402,17,13,'DF','ロドリゲス','ウォルフスブルク（ドイツ）',DATE '1992-08-25',180,78)
  , (403,17,8,'MF','インラー','ナポリ（イタリア）',DATE '1984-06-27',183,80)
  , (404,17,11,'MF','ベーラミ','ナポリ（イタリア）',DATE '1985-04-19',184,78)
  , (405,17,7,'MF','バルネッタ','フランクフルト（ドイツ）',DATE '1985-05-22',178,68)
  , (406,17,15,'MF','ジェマイリ','ナポリ（イタリア）',DATE '1986-04-12',179,73)
  , (407,17,16,'MF','フェルナンデス','フライブルク（ドイツ）',DATE '1986-09-02',183,70)
  , (408,17,23,'MF','シャキリ','Bミュンヘン（ドイツ）',DATE '1991-10-10',169,72)
  , (409,17,10,'MF','シャカ','ボルシアMG（ドイツ）',DATE '1992-09-27',185,82)
  , (410,17,14,'MF','シュトッカー','バーゼル',DATE '1989-04-12',179,73)
  , (411,17,17,'FW','ガブラノビッチ','チューリヒ',DATE '1989-11-24',175,74)
  , (412,17,18,'FW','メーメディ','フライブルク（ドイツ）',DATE '1991-03-16',182,76)
  , (413,17,9,'FW','セフェロビッチ','Rソシエダード（スペイン）',DATE '1992-02-22',185,83)
  , (414,17,19,'FW','ドルミッチ','ニュルンベルク（ドイツ）',DATE '1992-08-08',182,70)
  , (415,19,23,'GK','ランドロー','バスティア',DATE '1979-05-14',184,85)
  , (416,19,16,'GK','ルフィエ','サンテティエンヌ',DATE '1986-09-27',184,74)
  , (417,19,1,'GK','ロリス','トットナム（イングランド）',DATE '1986-12-26',188,73)
  , (418,19,3,'DF','エブラ','マンチェスターU（イングランド）',DATE '1981-05-15',175,76)
  , (419,19,15,'DF','サニャ','アーセナル（イングランド）',DATE '1983-02-14',176,72)
  , (420,19,2,'DF','ドビュシー','ニューカッスル（イングランド）',DATE '1985-07-28',178,78)
  , (421,19,21,'DF','コシールニ','アーセナル（イングランド）',DATE '1985-09-10',186,75)
  , (422,19,5,'DF','サコ','リバプール（イングランド）',DATE '1990-02-13',187,83)
  , (423,19,13,'DF','マンガラ','ポルト（ポルトガル）',DATE '1991-02-13',188,81)
  , (424,19,4,'DF','バラン','Rマドリード（スペイン）',DATE '1993-04-25',191,78)
  , (425,19,17,'DF','ディニュ','パリサンジェルマン',DATE '1993-07-20',178,74)
  , (426,19,12,'MF','マブバ','リール',DATE '1984-03-08',172,74)
  , (427,19,8,'MF','バルブエナ','マルセイユ',DATE '1984-09-28',167,58)
  , (428,19,6,'MF','カバイ','パリサンジェルマン',DATE '1986-01-14',173,73)
  , (429,19,14,'MF','マチュイディ','パリサンジェルマン',DATE '1987-04-09',175,70)
  , (430,19,18,'MF','シソコ','ニューカッスル（イングランド）',DATE '1989-08-16',187,88)
  , (431,19,22,'MF','シュネデルラン','サウサンプトン（イングランド）',DATE '1989-11-08',181,75)
  , (432,19,7,'MF','カベラ','モンペリエ',DATE '1990-03-08',172,66)
  , (433,19,19,'MF','ポグバ','ユベントス（イタリア）',DATE '1993-03-15',186,80)
  , (434,19,9,'FW','ジルー','アーセナル（イングランド）',DATE '1986-09-30',192,88)
  , (435,19,20,'FW','レミ','ニューカッスル（イングランド）',DATE '1987-01-02',185,80)
  , (436,19,10,'FW','ベンゼマ','Rマドリード（スペイン）',DATE '1987-12-19',184,84)
  , (437,19,11,'FW','グリーズマン','Rソシエダード（スペイン）',DATE '1991-03-21',176,68)
  , (438,21,12,'GK','オリオン','ボカ・ジュニアーズ',DATE '1981-07-26',187,85)
  , (439,21,21,'GK','アンドゥハル','カターニア（イタリア）',DATE '1983-07-30',194,88)
  , (440,21,1,'GK','ロメロ','モナコ（フランス）',DATE '1987-02-22',192,88)
  , (441,21,3,'DF','カンパニャロ','インテルミラノ（イタリア）',DATE '1980-06-27',181,85)
  , (442,21,15,'DF','デミチェリス','マンチェスターC（イングランド）',DATE '1980-12-20',184,80)
  , (443,21,23,'DF','バサンタ','モンテレイ（メキシコ）',DATE '1984-04-03',188,78)
  , (444,21,4,'DF','サバレタ','マンチェスターC（イングランド）',DATE '1985-01-16',178,76)
  , (445,21,2,'DF','ガライ','ベンフィカ（ポルトガル）',DATE '1986-10-10',192,85)
  , (446,21,17,'DF','F・フェルナンデス','ナポリ（イタリア）',DATE '1989-02-21',189,81)
  , (447,21,16,'DF','ロホ','スポルティング（ポルトガル）',DATE '1990-03-20',186,82)
  , (448,21,11,'MF','ロドリゲス','ニューウェルス',DATE '1981-01-02',180,74)
  , (449,21,14,'MF','マスケラーノ','バルセロナ（スペイン）',DATE '1984-06-08',174,74)
  , (450,21,6,'MF','ビリア','ラツィオ（イタリア）',DATE '1986-01-30',178,74)
  , (451,21,8,'MF','ペレス','ベンフィカ（ポルトガル）',DATE '1986-02-22',177,77)
  , (452,21,5,'MF','ガゴ','ボカ・ジュニアーズ',DATE '1986-04-10',178,70)
  , (453,21,13,'MF','A・フェルナンデス','セルタ（スペイン）',DATE '1986-04-10',177,71)
  , (454,21,7,'MF','ディマリア','Rマドリード（スペイン）',DATE '1988-02-14',180,75)
  , (455,21,19,'MF','アルバレス','インテルミラノ（イタリア）',DATE '1988-04-12',188,84)
  , (456,21,18,'FW','パラシオ','インテルミラノ（イタリア）',DATE '1982-02-05',175,70)
  , (457,21,22,'FW','ラベッシ','パリサンジェルマン（フランス）',DATE '1985-05-03',173,75)
  , (458,21,10,'FW','メッシ','バルセロナ（スペイン）',DATE '1987-06-24',169,67)
  , (459,21,9,'FW','イグアイン','ナポリ（イタリア）',DATE '1987-12-10',184,82)
  , (460,21,20,'FW','アグエロ','マンチェスターC（イングランド）',DATE '1988-06-02',173,70)
  , (461,22,22,'GK','アブドゥキッチ','バニャ・ルカ',DATE '1981-05-13',190,89)
  , (462,22,12,'GK','フェイジッチ','アーレン（ドイツ）',DATE '1986-05-15',198,95)
  , (463,22,1,'GK','ベゴビッチ','ストーク（イングランド）',DATE '1987-06-20',196,83)
  , (464,22,4,'DF','スパヒッチ','レーバークーゼン（ドイツ）',DATE '1980-08-18',186,77)
  , (465,22,15,'DF','スニッチ','ゾリャ・ルハンシク（ウクライナ）',DATE '1988-12-15',192,80)
  , (466,22,6,'DF','ブラニェス','エラズースポル（トルコ）',DATE '1989-10-24',185,83)
  , (467,22,3,'DF','ビチャクチッチ','ブラウンシュバイク（ドイツ）',DATE '1990-01-24',185,83)
  , (468,22,7,'DF','ベシッチ','フェレンツバーロシュ（ハンガリー）',DATE '1992-09-10',180,77)
  , (469,22,5,'DF','コラシナッツ','シャルケ（ドイツ）',DATE '1993-06-20',183,82)
  , (470,22,10,'MF','ミシモビッチ','貴州人和（中国）',DATE '1982-06-05',180,79)
  , (471,22,13,'MF','ムイジャ','フライブルク（ドイツ）',DATE '1984-03-28',185,77)
  , (472,22,23,'MF','サリホビッチ','ホッフェンハイム（ドイツ）',DATE '1984-10-08',182,79)
  , (473,22,18,'MF','メドゥニャニン','ガジアンテプスポル（トルコ）',DATE '1985-03-08',188,83)
  , (474,22,17,'MF','イブリチッチ','カイセリ・エルジーエススポル（トルコ）',DATE '1985-09-26',181,80)
  , (475,22,16,'MF','ルリッチ','ラツィオ（イタリア）',DATE '1986-01-18',183,75)
  , (476,22,2,'MF','ブルシャイエビッチ','ハイデュク・スプリト（クロアチア）',DATE '1986-03-06',179,73)
  , (477,22,21,'MF','ハジッチ','グラーツ（オーストリア）',DATE '1989-08-16',184,73)
  , (478,22,19,'MF','ビシュチャ','イスタンブール（トルコ）',DATE '1990-02-17',172,68)
  , (479,22,8,'MF','ピャニッチ','ローマ（イタリア）',DATE '1990-04-02',180,68)
  , (480,22,20,'MF','ハイロビッチ','ガラタサライ（トルコ）',DATE '1991-08-04',177,83)
  , (481,22,14,'MF','スシッチ','ハイデュク・スプリト（クロアチア）',DATE '1992-02-13',186,77)
  , (482,22,9,'FW','イビシェビッチ','シュツットガルト（ドイツ）',DATE '1984-08-06',188,82)
  , (483,22,11,'FW','ジェコ','マンチェスターC（イングランド）',DATE '1986-03-17',193,84)
  , (484,23,1,'GK','アハマディ','セパハン',DATE '1980-07-30',184,77)
  , (485,23,22,'GK','ダバリ','ブラウンシュバイク（ドイツ）',DATE '1988-01-06',192,85)
  , (486,23,12,'GK','A・ハギギ','コビリャン（ポルトガル）',DATE '1988-05-02',193,87)
  , (487,23,5,'DF','サデギ','エステグラル',DATE '1981-09-06',188,78)
  , (488,23,4,'DF','ホセイニ','ペルセポリス',DATE '1982-02-03',184,80)
  , (489,23,17,'DF','アルナメ','ナフト・テヘラン',DATE '1982-10-20',186,78)
  , (490,23,15,'DF','モンタゼリ','ウムサラル（カタール）',DATE '1983-09-06',186,80)
  , (491,23,0,'DF','ヘイダリ','エステグラル',DATE '1983-09-14',182,61)
  , (492,23,19,'DF','ベイクザデ','エステグラル',DATE '1984-01-22',189,78)
  , (493,23,13,'DF','マヒニ','ペルセポリス',DATE '1986-09-16',170,64)
  , (494,23,20,'DF','ベイタシュル','ホワイトキャップス（カナダ）',DATE '1987-02-01',178,77)
  , (495,23,23,'DF','プーラディ','ペルセポリス',DATE '1987-02-26',181,74)
  , (496,23,6,'MF','ネクナム','アルクウェート（クウェート）',DATE '1980-09-07',186,78)
  , (497,23,14,'MF','ティモリアン','エステグラル',DATE '1983-03-06',180,73)
  , (498,23,11,'MF','ハダディファル','ゾバハン',DATE '1983-07-12',180,78)
  , (499,23,8,'MF','R・ハギギ','ペルセポリス',DATE '1989-02-01',191,80)
  , (500,23,3,'MF','ハジサフィ','セパハン',DATE '1990-02-25',168,65)
  , (501,23,18,'MF','ラハマニ','フーラド',DATE '1991-09-23',178,75)
  , (502,23,7,'FW','ショジャエイ','ラスパルマス（スペイン）',DATE '1984-06-09',184,75)
  , (503,23,21,'FW','デヤガ','フラム（イングランド）',DATE '1986-07-05',181,79)
  , (504,23,16,'FW','グーチャンネジャド','チャールトン（イングランド）',DATE '1987-09-20',180,77)
  , (505,23,10,'FW','アンサリファルド','トラークトゥール',DATE '1990-04-03',175,77)
  , (506,23,9,'FW','ジャハンバフシュ','NEC（オランダ）',DATE '1993-08-11',180,78)
  , (507,24,1,'GK','エニェアマ','リール（フランス）',DATE '1982-08-29',182,87)
  , (508,24,16,'GK','エジデ','ハポエル（イスラエル）',DATE '1984-04-08',188,90)
  , (509,24,21,'GK','アグビム','ゴンベ',DATE '1984-11-28',187,83)
  , (510,24,2,'DF','ヨボ','ノリッジ（イングランド）',DATE '1980-09-06',185,76)
  , (511,24,5,'DF','アンブローズ','セルティック（スコットランド）',DATE '1988-10-18',190,70)
  , (512,24,6,'DF','エグウエクウェ','ウォリ・ウルブス',DATE '1989-07-16',195,91)
  , (513,24,13,'DF','オシャニワ','アシドッド（イスラエル）',DATE '1990-09-14',176,69)
  , (514,24,14,'DF','オボアボナ','リゼスポル（トルコ）',DATE '1990-09-16',186,82)
  , (515,24,12,'DF','オドゥンラミ','サンシャイン・スターズ',DATE '1991-04-30',187,70)
  , (516,24,22,'DF','オメルオ','ミドルスブラ（イングランド）',DATE '1993-10-17',185,81)
  , (517,24,10,'MF','ミケル','チェルシー（イングランド）',DATE '1987-04-22',188,83)
  , (518,24,3,'MF','ウゾエニ','エヌグ・レンジャーズ',DATE '1988-03-23',168,63)
  , (519,24,20,'MF','ウチェボ','セルクルブリュージュ（ベルギー）',DATE '1990-02-03',194,86)
  , (520,24,4,'MF','ガブリエル','ベヘレン（ベルギー）',DATE '1990-09-25',195,80)
  , (521,24,15,'MF','モーゼス','ベヘレン（ベルギー）イングランド）',DATE '1990-12-12',179,73)
  , (522,24,15,'MF','アジーズ','アルメリア（スペイン）',DATE '1992-12-12',169,67)
  , (523,24,17,'MF','オナジ','ラツィオ（イタリア）',DATE '1992-12-25',173,73)
  , (524,24,8,'FW','オデムウィンジ','ストーク（イングランド）',DATE '1981-07-15',181,78)
  , (525,24,23,'FW','アメオビ','ニューカッスル（イングランド）',DATE '1981-10-12',191,95)
  , (526,24,9,'FW','エメニケ','フェネルバフチェ（トルコ）',DATE '1987-05-10',182,75)
  , (527,24,19,'FW','ヌウォフォー','ヘーレンフェイン（オランダ）',DATE '1991-09-17',183,73)
  , (528,24,7,'FW','ムサ','CSKAモスクワ（ロシア）',DATE '1992-10-14',168,69)
  , (529,24,18,'FW','ババトゥンデ','ボリン・ルーツィク（ウクライナ）',DATE '1992-12-24',179,76)
  , (530,25,22,'GK','ワイデンフェラー','ドルトムント',DATE '1980-08-06',188,85)
  , (531,25,1,'GK','ノイアー','Bミュンヘン',DATE '1986-03-27',193,92)
  , (532,25,12,'GK','ツィーラー','ハノーバー',DATE '1989-02-12',188,83)
  , (533,25,16,'DF','ラーム','Bミュンヘン',DATE '1983-11-11',170,66)
  , (534,25,17,'DF','メルテザッカー','アーセナル（イングランド）',DATE '1984-09-29',198,90)
  , (535,25,4,'DF','ヘベデス','シャルケ',DATE '1988-02-29',187,80)
  , (536,25,2,'DF','グロスクロイツ','ドルトムント',DATE '1988-07-19',186,72)
  , (537,25,20,'DF','ボアテング','Bミュンヘン',DATE '1988-09-03',192,90)
  , (538,25,5,'DF','フンメルス','ドルトムント',DATE '1988-12-16',192,90)
  , (539,25,21,'DF','ムスタフィ','サンプドリア（イタリア）',DATE '1992-04-17',184,82)
  , (540,25,15,'DF','ドゥルム','ドルトムント',DATE '1992-05-12',183,73)
  , (541,25,7,'MF','シュバインシュタイガー','Bミュンヘン',DATE '1984-08-01',183,79)
  , (542,25,10,'MF','ポドルスキ','アーセナル（イングランド）',DATE '1985-06-04',182,83)
  , (543,25,6,'MF','ケディラ','Rマドリード（スペイン）',DATE '1987-04-04',189,81)
  , (544,25,8,'MF','エジル','アーセナル（イングランド）',DATE '1988-10-15',183,76)
  , (545,25,13,'MF','ミュラー','Bミュンヘン',DATE '1989-09-13',186,75)
  , (546,25,18,'MF','クロース','Bミュンヘン',DATE '1990-01-04',182,78)
  , (547,25,9,'MF','シュルレ','チェルシー（イングランド）',DATE '1990-11-06',184,74)
  , (548,25,23,'MF','クラマー','ボルシアMG',DATE '1991-02-19',189,82)
  , (549,25,19,'MF','ゲッツェ','Bミュンヘン',DATE '1992-06-03',176,64)
  , (550,25,14,'MF','ドラクスラー','シャルケ',DATE '1993-09-20',185,74)
  , (551,25,3,'MF','ギンター','フライブルク',DATE '1994-01-19',188,85)
  , (553,26,22,'GK','ベト','セビリア（スペイン）',DATE '1982-05-01',182,81)
  , (554,26,1,'GK','エドゥアルド','ブラガ',DATE '1982-09-19',187,84)
  , (555,26,12,'GK','ルイパトリシオ','スポルティング',DATE '1988-02-15',190,85)
  , (556,26,13,'DF','コスタ','バレンシア（スペイン）',DATE '1981-05-16',183,80)
  , (557,26,2,'DF','アルベス','フェネルバフチェ（トルコ）',DATE '1981-11-27',188,83)
  , (558,26,3,'DF','ペペ','Rマドリード（スペイン）',DATE '1983-02-26',188,81)
  , (559,26,21,'DF','ペレイラ','バレンシア（スペイン）',DATE '1984-02-25',172,70)
  , (560,26,5,'DF','コエントラン','Rマドリード（スペイン）',DATE '1988-03-11',179,70)
  , (561,26,14,'DF','ネト','ゼニト（ロシア）',DATE '1988-05-26',187,71)
  , (562,26,19,'DF','A・アルメイダ','ベンフィカ',DATE '1990-09-10',186,75)
  , (563,26,16,'MF','メイレレス','フェネルバフチェ（トルコ）',DATE '1983-03-17',180,70)
  , (564,26,20,'MF','アモリン','ベンフィカ',DATE '1985-01-27',180,78)
  , (565,26,4,'MF','ベロゾ','ディナモ・キエフ（ウクライナ）',DATE '1986-05-11',180,78)
  , (566,26,8,'MF','モウティーニョ','モナコ（フランス）',DATE '1986-09-08',170,61)
  , (567,26,6,'MF','カルバリョ','スポルティング',DATE '1992-04-07',187,87)
  , (568,26,23,'FW','ポスティガ','ラツィオ（イタリア）',DATE '1982-08-02',182,74)
  , (569,26,9,'FW','H・アルメイダ','ベシクタシュ（トルコ）',DATE '1984-05-23',191,86)
  , (570,26,18,'FW','バレラ','ポルト',DATE '1985-02-02',179,79)
  , (571,26,7,'FW','C・ロナルド','Rマドリード（スペイン）',DATE '1985-02-05',185,80)
  , (572,26,10,'FW','ビエイリーニャ','ウォルフスブルク（ドイツ）',DATE '1986-01-24',172,73)
  , (573,26,17,'FW','ナニ','マンチェスターU（イングランド）',DATE '1986-11-17',175,66)
  , (574,26,11,'FW','エデル','ブラガ',DATE '1987-12-22',188,81)
  , (575,26,15,'FW','ラファ','ブラガ',DATE '1993-05-17',170,66)
  , (576,28,1,'GK','ハワード','エバートン（イングランド）',DATE '1979-03-06',187,88)
  , (577,28,22,'GK','リマンド','レアル・ソルトレーク（米国）',DATE '1979-06-17',180,82)
  , (578,28,12,'GK','グザン','アストンビラ（イングランド）',DATE '1984-09-09',193,95)
  , (579,28,7,'DF','ビーズリー','プエブラ（メキシコ）',DATE '1982-05-24',173,66)
  , (580,28,20,'DF','キャメロン','ストーク（イングランド）',DATE '1985-07-11',190,84)
  , (581,28,5,'DF','ベスラー','スポルティング・カンザスシティ（米国）',DATE '1987-02-11',183,77)
  , (582,28,23,'DF','ジョンソン','ホッフェンハイム（ドイツ）',DATE '1987-12-11',183,74)
  , (583,28,3,'DF','ゴンザレス','LAギャラクシー（米国）',DATE '1988-10-11',196,93)
  , (584,28,21,'DF','チャンドラー','ニュルンベルク（ドイツ）',DATE '1990-03-29',186,83)
  , (585,28,6,'DF','ブルックス','ヘルタ（ドイツ）',DATE '1993-01-28',193,78)
  , (586,28,2,'DF','イエドリン','シアトル（米国）',DATE '1993-07-09',173,68)
  , (587,28,13,'MF','ジョーンズ','ベシクタシュ（トルコ）',DATE '1981-11-03',184,81)
  , (588,28,14,'MF','デービス','ヒューストン・ダイナモ（米国）',DATE '1981-11-08',180,75)
  , (589,28,15,'MF','ベッカーマン','レアル・ソルトレーク（米国）',DATE '1982-04-23',178,75)
  , (590,28,19,'MF','ズシ','スポルティング・カンザスシティ（米国）',DATE '1986-08-18',178,73)
  , (591,28,11,'MF','ベドヤ','ナント（フランス）',DATE '1987-04-29',178,73)
  , (592,28,4,'MF','ブラッドリー','トロント（米国）',DATE '1987-07-31',186,81)
  , (593,28,10,'MF','ディスケルード','ローゼンボリ（ノルウェー）',DATE '1990-10-02',184,71)
  , (594,28,16,'MF','グリーン','Bミュンヘン（ドイツ）',DATE '1995-06-06',172,60)
  , (595,28,18,'FW','ウォンドロウスキ','サンノゼ・アースクエイクス（米国）',DATE '1983-01-28',183,75)
  , (596,28,8,'FW','デンプシー','シアトル・サウンダーズ（米国）',DATE '1983-03-09',185,77)
  , (597,28,17,'FW','アルティドア','サンダーランド（イングランド）',DATE '1989-11-06',185,72)
  , (598,28,9,'FW','ヨハンソン','AZ（オランダ）',DATE '1990-11-10',184,70)
  , (599,27,16,'GK','ダウダ','オーランド（南アフリカ）',DATE '1985-04-06',180,80)
  , (600,27,12,'GK','クワラシー','ストレームスゴトセト（ノルウェー）',DATE '1987-12-12',187,81)
  , (601,27,1,'GK','アダムス','アドゥアナ',DATE '1989-09-28',186,78)
  , (602,27,23,'DF','アフル','エスペランス（チュニジア）',DATE '1986-07-24',170,68)
  , (603,27,21,'DF','ボイエ','レンヌ（フランス）',DATE '1987-04-23',185,72)
  , (604,27,2,'DF','インコーム','プラタニアス（ギリシャ）',DATE '1989-06-01',179,75)
  , (605,27,19,'DF','メンサ','エビアン（フランス）',DATE '1990-07-13',188,83)
  , (606,27,4,'DF','オパレ','スタンダール（ベルギー）',DATE '1990-10-18',175,73)
  , (607,27,15,'DF','スマイラ','サンダウンズ（南アフリカ）',DATE '1992-12-18',196,80)
  , (608,27,5,'MF','エシエン','ACミラン（イタリア）',DATE '1982-12-03',177,85)
  , (609,27,11,'MF','ムンタリ','ACミラン（イタリア）',DATE '1984-08-27',179,76)
  , (610,27,9,'MF','ボアテング','シャルケ（ドイツ）',DATE '1987-03-06',185,86)
  , (611,27,14,'MF','アドマ','ミドルスブラ（イングランド）',DATE '1987-12-13',185,74)
  , (612,27,20,'MF','アサモア','ユベントス（イタリア）',DATE '1988-12-09',178,78)
  , (613,27,10,'MF','A・アユー','マルセイユ（フランス）',DATE '1989-12-17',176,72)
  , (614,27,17,'MF','モハメド','クバン（ロシア）',DATE '1989-12-31',187,74)
  , (615,27,22,'MF','ワカソ','ルビン（ロシア）',DATE '1990-07-25',171,66)
  , (616,27,8,'MF','アグエマングバドゥ','ウディネーゼ（イタリア）',DATE '1990-12-02',172,71)
  , (617,27,7,'MF','アツ','フィテッセ（オランダ）',DATE '1992-01-10',172,68)
  , (618,27,6,'MF','アックア','パルマ（イタリア）',DATE '1992-05-01',179,70)
  , (619,27,3,'FW','ジャン','アルアイン（UAE）',DATE '1985-11-22',180,80)
  , (620,27,13,'FW','J・アユー','ソショー（フランス）',DATE '1991-09-11',182,80)
  , (621,27,18,'FW','ワリス','バランシエンヌ（フランス）',DATE '1991-09-19',172,72)
  , (622,29,13,'GK','ボッシュ','ワーレゲム',DATE '1985-08-11',187,73)
  , (623,29,12,'GK','ミニョレ','リバプール（イングランド）',DATE '1988-03-06',193,87)
  , (624,29,1,'GK','クルトワ','Aマドリード（スペイン）',DATE '1992-05-11',199,91)
  , (625,29,15,'DF','バンビュイテン','Bミュンヘン（ドイツ）',DATE '1978-02-07',197,95)
  , (626,29,18,'DF','ロンバルツ','ゼニト（ロシア）',DATE '1985-03-20',188,83)
  , (627,29,23,'DF','シマン','スタンダール',DATE '1985-08-05',184,70)
  , (628,29,5,'DF','フェルマーレン','アーセナル（イングランド）',DATE '1985-11-14',180,75)
  , (629,29,4,'DF','コンパニー','マンチェスターC（イングランド）',DATE '1986-04-10',190,85)
  , (630,29,5,'DF','フェルトンゲン','トットナム（イングランド）',DATE '1987-04-24',189,86)
  , (631,29,21,'DF','バンデンボレ','アンデルレヒト',DATE '1987-10-24',182,89)
  , (632,29,2,'DF','アルデルウェイレルト','Aマドリード（スペイン）',DATE '1989-03-02',187,80)
  , (633,29,19,'MF','デンベレ','トットナム（イングランド）',DATE '1987-07-16',185,82)
  , (634,29,8,'MF','フェライニ','マンチェスターU（イングランド）',DATE '1987-11-22',194,85)
  , (635,29,16,'MF','デフール','ポルト（ポルトガル）',DATE '1988-04-15',174,70)
  , (636,29,6,'MF','ウィツェル','ゼニト（ロシア）',DATE '1989-01-12',186,73)
  , (637,29,22,'MF','シャドリ','トットナム（イングランド）',DATE '1989-09-02',187,80)
  , (638,29,7,'MF','デブルイネ','ウォルフスブルク（ドイツ）',DATE '1991-06-28',181,68)
  , (639,29,14,'FW','メルテンス','ナポリ（イタリア）',DATE '1987-05-06',169,61)
  , (640,29,11,'FW','ミララス','エバートン（イングランド）',DATE '1987-10-05',179,68)
  , (641,29,10,'FW','アザール','チェルシー（イングランド）',DATE '1991-01-07',173,74)
  , (642,29,9,'FW','ルカク','エバートン（イングランド）',DATE '1993-05-13',190,100)
  , (643,29,20,'FW','ヤヌザイ','マンチェスターU（イングランド）',DATE '1995-02-05',180,75)
  , (644,29,17,'FW','オリジ','リール（フランス）',DATE '1995-03-18',185,75)
  , (645,31,16,'GK','ルイジコフ','ルビン',DATE '1980-09-19',194,92)
  , (646,31,1,'GK','アキンフェーフ','CSKAモスクワ',DATE '1986-04-08',186,82)
  , (647,31,12,'GK','ロドイギン','ゼニト',DATE '1990-05-26',187,82)
  , (648,31,4,'DF','イグナシェビッチ','CSKAモスクワ',DATE '1979-07-14',186,84)
  , (649,31,14,'DF','ベレズツキ','CSKAモスクワ',DATE '1982-06-20',189,87)
  , (650,31,22,'DF','エシュチェンコ','アンジ',DATE '1984-02-09',176,77)
  , (651,31,2,'DF','コズロフ','ディナモ・モスクワ',DATE '1986-12-25',186,78)
  , (652,31,23,'DF','コンバロフ','スパルタク・モスクワ',DATE '1987-01-22',181,72)
  , (653,31,13,'DF','グラナト','ディナモ・モスクワ',DATE '1987-05-22',184,80)
  , (654,31,5,'DF','セメノフ','テレク',DATE '1989-03-24',190,86)
  , (655,31,3,'DF','シェンニコフ','CSKAモスクワ',DATE '1991-04-27',178,71)
  , (656,31,18,'MF','ジルコフ','ディナモ・モスクワ',DATE '1983-08-20',180,75)
  , (657,31,7,'MF','デニソフ','ディナモ・モスクワ',DATE '1984-05-17',176,70)
  , (658,31,19,'MF','サメドフ','クラスノダール',DATE '1984-07-19',177,75)
  , (659,31,20,'MF','ファイズリン','ゼニト',DATE '1986-04-22',176,72)
  , (660,31,8,'MF','グルシャコフ','スパルタク・モスクワ',DATE '1987-01-27',182,80)
  , (661,31,21,'MF','イオノフ','ディナモ・モスクワ',DATE '1989-02-18',177,69)
  , (662,31,10,'MF','ジャゴエフ','CSKAモスクワ',DATE '1990-06-17',179,75)
  , (663,31,17,'MF','シャトフ','ゼニト',DATE '1990-07-29',173,73)
  , (664,31,15,'MF','モギレベツ','ルビン',DATE '1993-01-25',183,70)
  , (665,31,11,'FW','ケルジャコフ','ゼニト',DATE '1982-11-27',176,76)
  , (666,31,9,'FW','ココリン','ディナモ・モスクワ',DATE '1991-03-19',183,77)
  , (667,31,6,'FW','カヌンニコフ','アムカル',DATE '1991-07-14',183,74)
  , (668,30,1,'GK','シモハメド','CSコンスタチヌ',DATE '1985-01-09',183,78)
  , (669,30,16,'GK','ゼマムーシュ','USMアルジェ',DATE '1985-03-19',186,82)
  , (670,30,23,'GK','エムボリ','CSKAソフィア（ブルガリア）',DATE '1986-04-25',190,83)
  , (671,30,2,'DF','ブゲラ','レクウィヤ（カタール）',DATE '1982-10-07',190,93)
  , (672,30,22,'DF','モスタファ','アジャクシオ（フランス）',DATE '1983-08-30',181,82)
  , (673,30,6,'DF','メスバハ','リボルノ（イタリア）',DATE '1984-10-09',181,74)
  , (674,30,12,'DF','メジャニ','バランシエンヌ（フランス）',DATE '1985-05-15',183,84)
  , (675,30,5,'DF','ハリシェ','コインブラ（ポルトガル）',DATE '1986-09-02',187,77)
  , (676,30,17,'DF','カダムロ','マジョルカ（スペイン）',DATE '1988-03-05',188,81)
  , (677,30,4,'DF','ベルカレム','ワトフォード（イングランド）',DATE '1989-01-01',195,90)
  , (678,30,3,'DF','グラム','ナポリ（イタリア）',DATE '1991-02-01',186,80)
  , (679,30,20,'DF','マンディ','ランス（フランス）',DATE '1991-10-22',184,78)
  , (680,30,8,'MF','ラセン','ヘタフェ（スペイン）',DATE '1984-03-15',176,70)
  , (681,30,7,'MF','イエブダ','ウディネーゼ（イタリア）',DATE '1984-05-14',187,77)
  , (682,30,10,'MF','フェグリ','バレンシア（スペイン）',DATE '1989-12-26',178,71)
  , (683,30,11,'MF','ブラヒミ','グラナダ（スペイン）',DATE '1990-02-08',175,69)
  , (684,30,19,'MF','タイデル','インテルミラノ（イタリア）',DATE '1992-02-29',180,73)
  , (685,30,14,'MF','ベンタレブ','トットナム（イングランド）',DATE '1994-11-24',187,68)
  , (686,30,18,'MF','ジャブ','クラブ・アフリカン（チュニジア）',DATE '1987-01-31',164,58)
  , (687,30,15,'FW','スダニ','ディナモ・ザグレブ（クロアチア）',DATE '1987-11-25',182,75)
  , (688,30,13,'FW','スリマニ','スポルティング（ポルトガル）',DATE '1988-06-18',188,79)
  , (689,30,9,'FW','ギラス','ポルト（ポルトガル）',DATE '1990-04-20',183,85)
  , (690,30,21,'FW','マレズ','レスター（イングランド）',DATE '1991-02-21',179,61)
  , (691,32,1,'GK','チョン・ソンニョン','水原三星',DATE '1985-01-04',190,90)
  , (692,32,23,'GK','イ・ボムヨン','釜山',DATE '1989-04-02',194,90)
  , (693,32,21,'GK','キム・スンギュ','蔚山現代',DATE '1990-09-30',187,80)
  , (694,32,4,'DF','カク・テヒ','アルヒラル（サウジアラビア）',DATE '1981-07-08',185,80)
  , (695,32,2,'DF','キム・チャンス','柏（日本）',DATE '1985-09-12',179,74)
  , (696,32,12,'DF','イ・ヨン','蔚山現代',DATE '1986-12-24',180,74)
  , (697,32,22,'DF','パク・チュホ','マインツ（ドイツ）',DATE '1987-01-16',176,71)
  , (698,32,6,'DF','ファン・ソッコ','広島（日本）',DATE '1989-06-27',183,80)
  , (699,32,20,'DF','ホン・ジョンホ','アウクスブルク（ドイツ）',DATE '1989-08-12',186,77)
  , (700,32,3,'DF','ユン・ソギョン','クイーンズパーク（イングランド）',DATE '1990-02-13',183,74)
  , (701,32,5,'DF','キム・ヨングン','広州恒大（中国）',DATE '1990-02-27',187,74)
  , (702,32,8,'MF','ハ・デソン','北京国安（中国）',DATE '1985-03-02',182,73)
  , (703,32,17,'MF','イ・チョンヨン','ボルトン（イングランド）',DATE '1988-07-02',180,69)
  , (704,32,16,'MF','キ・ソンヨン','サンダーランド（イングランド）',DATE '1989-01-24',187,79)
  , (705,32,15,'MF','パク・チョンウ','広州富力（中国）',DATE '1989-03-10',180,74)
  , (706,32,7,'MF','キム・ボギョン','カーディフ（ウェールズ）',DATE '1989-10-06',178,73)
  , (707,32,14,'MF','ハン・グギョン','柏（日本）',DATE '1990-04-19',183,74)
  , (708,32,19,'MF','チ・ドンウォン','アウクスブルク（ドイツ）',DATE '1991-05-28',187,77)
  , (709,32,9,'MF','ソン・フンミン','レーバークーゼン（ドイツ）',DATE '1992-07-08',183,76)
  , (710,32,11,'FW','イ・グノ','尚州尚武',DATE '1985-04-11',177,75)
  , (711,32,10,'FW','パク・チュヨン','ワトフォード（中国）',DATE '1985-07-10',183,72)
  , (712,32,18,'FW','キム・シンウク','蔚山現代',DATE '1988-04-14',196,93)
  , (713,32,13,'FW','ク・ジャチョル','マインツ（ドイツ）',DATE '1989-02-27',182,75)
  , (714,12,1,'GK','川島','スタンダール',DATE '1983-03-20',185,80)
  , (715,12,12,'GK','西川','浦和',DATE '1986-06-18',183,81)
  , (716,12,23,'GK','権田','東京',DATE '1989-03-03',187,85)
  , (717,12,15,'DF','今野','G大阪',DATE '1983-01-25',178,73)
  , (718,12,19,'DF','伊野波','磐田',DATE '1985-08-28',179,73)
  , (719,12,5,'DF','長友','インテルミラノ',DATE '1986-09-12',170,68)
  , (720,12,6,'DF','森重','東京',DATE '1987-05-21',183,74)
  , (721,12,2,'DF','内田','シャルケ',DATE '1988-03-27',176,67)
  , (722,12,22,'DF','吉田','サウサンプトン',DATE '1988-08-24',189,81)
  , (723,12,21,'DF','酒井','ハノーバー',DATE '1990-04-12',184,70)
  , (724,12,3,'DF','酒井','シュツットガルト',DATE '1991-03-14',176,74)
  , (725,12,7,'MF','遠藤','G大阪',DATE '1980-01-28',178,75)
  , (726,12,17,'MF','長谷部','ニュルンベルク',DATE '1984-01-18',180,72)
  , (727,12,14,'MF','青山','広島',DATE '1986-02-22',174,73)
  , (728,12,16,'MF','山口','C大阪',DATE '1990-10-06',173,72)
  , (729,12,13,'FW','大久保','川崎F',DATE '1982-06-09',170,73)
  , (730,12,9,'FW','岡崎','マインツ',DATE '1986-04-16',174,76)
  , (731,12,4,'FW','本田','ACミラン',DATE '1986-06-13',182,74)
  , (732,12,10,'FW','香川','マンチェスターU',DATE '1989-03-17',172,63)
  , (733,12,8,'FW','清武','ニュルンベルク',DATE '1989-11-12',172,66)
  , (734,12,11,'FW','柿谷','C大阪',DATE '1990-01-03',177,68)
  , (735,12,20,'FW','斉藤','横浜',DATE '1990-05-18',182,73)
  , (736,12,18,'FW','大迫','1860ミュンヘン',DATE '1990-05-18',182,73);


